uniprot_id,nr_code,common_name,sequence_length,profile_lbd_start,profile_lbd_end,profile_lbd_length,profile_source,profile_source_identifier,previous_cohort_lbd_start,previous_cohort_lbd_end,previous_cohort_lbd_length,previous_cohort_source,start_difference_previous_vs_profile,end_difference_previous_vs_profile,length_difference_previous_vs_profile,historical_range_available,boundary_audit_status,boundary_audit_notes
P10275,NR3C4,AR,920,669,900,232,UniProt,PROSITE-ProRule:PRU01189,,,,,,,,False,PREVIOUS_RANGE_UNAVAILABLE,No previous-cohort LBD range found for this receptor.
P03372,NR3A1,ERα,595,311,547,237,UniProt,PROSITE-ProRule:PRU01189,,,,,,,,False,PREVIOUS_RANGE_UNAVAILABLE,No previous-cohort LBD range found for this receptor.
Q92731,NR3A2,ERβ,530,264,498,235,UniProt,PROSITE-ProRule:PRU01189,,,,,,,,False,PREVIOUS_RANGE_UNAVAILABLE,No previous-cohort LBD range found for this receptor.
P04150,NR3C1,GR,777,524,758,235,UniProt,PROSITE-ProRule:PRU01189,,,,,,,,False,PREVIOUS_RANGE_UNAVAILABLE,No previous-cohort LBD range found for this receptor.
P08235,NR3C2,MR,984,726,964,239,UniProt,PROSITE-ProRule:PRU01189,,,,,,,,False,PREVIOUS_RANGE_UNAVAILABLE,No previous-cohort LBD range found for this receptor.
P06401,NR3C3,PR,933,679,913,235,UniProt,PROSITE-ProRule:PRU01189,,,,,,,,False,PREVIOUS_RANGE_UNAVAILABLE,No previous-cohort LBD range found for this receptor.
P10276,NR1B1,RARα,462,183,417,235,UniProt,PROSITE-ProRule:PRU01189,,,,,,,,False,PREVIOUS_RANGE_UNAVAILABLE,No previous-cohort LBD range found for this receptor.
P10826,NR1B2,RARβ,455,183,417,235,UniProt,PROSITE-ProRule:PRU01189,,,,,,,,False,PREVIOUS_RANGE_UNAVAILABLE,No previous-cohort LBD range found for this receptor.
P13631,NR1B3,RARγ,454,185,419,235,UniProt,PROSITE-ProRule:PRU01189,,,,,,,,False,PREVIOUS_RANGE_UNAVAILABLE,No previous-cohort LBD range found for this receptor.
P10827,NR1A1,TRα,490,163,407,245,UniProt,PROSITE-ProRule:PRU01189,,,,,,,,False,PREVIOUS_RANGE_UNAVAILABLE,No previous-cohort LBD range found for this receptor.
P10828,NR1A2,TRβ,461,217,461,245,UniProt,PROSITE-ProRule:PRU01189,,,,,,,,False,PREVIOUS_RANGE_UNAVAILABLE,No previous-cohort LBD range found for this receptor.
P11473,NR1I1,VDR,427,127,423,297,UniProt,PROSITE-ProRule:PRU01189,118,427,310,"https://github.com/sumeshi3648/BioInformatics-Bfactors.git @69899f60d7ab0eed19d3029687fe31f03b835ac2 (scripts/plot_vdr_final.py, compute_dssp_vdr.py, consensus_sse_vdr.py, build_vdr_consensus_sse.py, plot_vdr_violin_sse.py, summarize_vdr_flexibility_by_region.py — hard-coded script defaults, not a data file)",-9,4,13,True,MATERIAL_DIFFERENCE,Boundary difference reaches 9 residue(s) at at least one terminus.
Q14994,NR1I3,CAR,352,109,352,244,UniProt,PROSITE-ProRule:PRU01189,,,,,,,,False,PREVIOUS_RANGE_UNAVAILABLE,No previous-cohort LBD range found for this receptor.
P11474,NR3B1,ERRα,423,193,421,229,UniProt,PROSITE-ProRule:PRU01189,,,,,,,,False,PREVIOUS_RANGE_UNAVAILABLE,No previous-cohort LBD range found for this receptor.
O95718,NR3B2,ERRβ,433,208,432,225,UniProt,PROSITE-ProRule:PRU01189,,,,,,,,False,PREVIOUS_RANGE_UNAVAILABLE,No previous-cohort LBD range found for this receptor.
P62508,NR3B3,ERRγ,458,233,457,225,UniProt,PROSITE-ProRule:PRU01189,,,,,,,,False,PREVIOUS_RANGE_UNAVAILABLE,No previous-cohort LBD range found for this receptor.
Q96RI1,NR1H4,FXR,486,262,486,225,UniProt,PROSITE-ProRule:PRU01189,,,,,,,,False,PREVIOUS_RANGE_UNAVAILABLE,No previous-cohort LBD range found for this receptor.
P41235,NR2A1,HNF4α,474,147,377,231,UniProt,PROSITE-ProRule:PRU01189,,,,,,,,False,PREVIOUS_RANGE_UNAVAILABLE,No previous-cohort LBD range found for this receptor.
Q14541,NR2A2,HNF4γ,408,99,328,230,UniProt,PROSITE-ProRule:PRU01189,,,,,,,,False,PREVIOUS_RANGE_UNAVAILABLE,No previous-cohort LBD range found for this receptor.
O00482,NR5A2,LRH-1,541,300,539,240,UniProt,PROSITE-ProRule:PRU01189,,,,,,,,False,PREVIOUS_RANGE_UNAVAILABLE,No previous-cohort LBD range found for this receptor.
Q13133,NR1H3,LXRα,447,209,447,239,UniProt,PROSITE-ProRule:PRU01189,,,,,,,,False,PREVIOUS_RANGE_UNAVAILABLE,No previous-cohort LBD range found for this receptor.
P55055,NR1H2,LXRβ,460,222,460,239,UniProt,PROSITE-ProRule:PRU01189,,,,,,,,False,PREVIOUS_RANGE_UNAVAILABLE,No previous-cohort LBD range found for this receptor.
P22736,NR4A1,NUR77,598,360,595,236,UniProt,PROSITE-ProRule:PRU01189,,,,,,,,False,PREVIOUS_RANGE_UNAVAILABLE,No previous-cohort LBD range found for this receptor.
P43354,NR4A2,NURR1,598,360,595,236,UniProt,PROSITE-ProRule:PRU01189,,,,,,,,False,PREVIOUS_RANGE_UNAVAILABLE,No previous-cohort LBD range found for this receptor.
Q07869,NR1C1,PPARα,468,239,466,228,UniProt,PROSITE-ProRule:PRU01189,,,,,,,,False,PREVIOUS_RANGE_UNAVAILABLE,No previous-cohort LBD range found for this receptor.
Q03181,NR1C2,PPARδ,441,211,439,229,UniProt,PROSITE-ProRule:PRU01189,,,,,,,,False,PREVIOUS_RANGE_UNAVAILABLE,No previous-cohort LBD range found for this receptor.
P37231,NR1C3,PPARγ,505,238,503,266,UniProt,PROSITE-ProRule:PRU01189,,,,,,,,False,PREVIOUS_RANGE_UNAVAILABLE,No previous-cohort LBD range found for this receptor.
O75469,NR1I2,PXR,434,146,433,288,UniProt,PROSITE-ProRule:PRU01189,,,,,,,,False,PREVIOUS_RANGE_UNAVAILABLE,No previous-cohort LBD range found for this receptor.
P20393,NR1D1,Rev-erbα,614,284,614,331,UniProt,PROSITE-ProRule:PRU01189,,,,,,,,False,PREVIOUS_RANGE_UNAVAILABLE,No previous-cohort LBD range found for this receptor.
Q14995,NR1D2,Rev-erbβ,579,369,579,211,UniProt,PROSITE-ProRule:PRU01189,,,,,,,,False,PREVIOUS_RANGE_UNAVAILABLE,No previous-cohort LBD range found for this receptor.
P35398,NR1F1,RORα,523,272,510,239,UniProt,PROSITE-ProRule:PRU01189,,,,,,,,False,PREVIOUS_RANGE_UNAVAILABLE,No previous-cohort LBD range found for this receptor.
Q92753,NR1F2,RORβ,470,222,460,239,UniProt,PROSITE-ProRule:PRU01189,,,,,,,,False,PREVIOUS_RANGE_UNAVAILABLE,No previous-cohort LBD range found for this receptor.
P51449,NR1F3,RORγ,518,269,508,240,UniProt,PROSITE-ProRule:PRU01189,,,,,,,,False,PREVIOUS_RANGE_UNAVAILABLE,No previous-cohort LBD range found for this receptor.
P19793,NR2B1,RXRα,462,227,458,232,UniProt,PROSITE-ProRule:PRU01189,,,,,,,,False,PREVIOUS_RANGE_UNAVAILABLE,No previous-cohort LBD range found for this receptor.
P28702,NR2B2,RXRβ,533,296,529,234,UniProt,PROSITE-ProRule:PRU01189; PubMed:11782480,,,,,,,,False,PREVIOUS_RANGE_UNAVAILABLE,No previous-cohort LBD range found for this receptor.
P48443,NR2B3,RXRγ,463,231,459,229,UniProt,PROSITE-ProRule:PRU01189,,,,,,,,False,PREVIOUS_RANGE_UNAVAILABLE,No previous-cohort LBD range found for this receptor.
Q13285,NR5A1,SF-1,461,222,459,238,UniProt,PROSITE-ProRule:PRU01189,,,,,,,,False,PREVIOUS_RANGE_UNAVAILABLE,No previous-cohort LBD range found for this receptor.
P13056,NR2C1,TR2,603,348,590,243,UniProt,PROSITE-ProRule:PRU01189,,,,,,,,False,PREVIOUS_RANGE_UNAVAILABLE,No previous-cohort LBD range found for this receptor.
P49116,NR2C2,TR4,596,341,583,243,UniProt,PROSITE-ProRule:PRU01189,,,,,,,,False,PREVIOUS_RANGE_UNAVAILABLE,No previous-cohort LBD range found for this receptor.
P10589,NR2F1,COUP-TFI,423,184,410,227,UniProt,PROSITE-ProRule:PRU01189,,,,,,,,False,PREVIOUS_RANGE_UNAVAILABLE,No previous-cohort LBD range found for this receptor.
P24468,NR2F2,COUP-TFII,414,177,403,227,UniProt,PROSITE-ProRule:PRU01189,,,,,,,,False,PREVIOUS_RANGE_UNAVAILABLE,No previous-cohort LBD range found for this receptor.
P51843,NR0B1,DAX-1,470,205,469,265,UniProt,PROSITE-ProRule:PRU01189,,,,,,,,False,PREVIOUS_RANGE_UNAVAILABLE,No previous-cohort LBD range found for this receptor.
P10588,NR2F6,EAR-2,404,165,393,229,UniProt,PROSITE-ProRule:PRU01189,,,,,,,,False,PREVIOUS_RANGE_UNAVAILABLE,No previous-cohort LBD range found for this receptor.
Q15406,NR6A1,GCNF,480,249,480,232,UniProt,PROSITE-ProRule:PRU01189,,,,,,,,False,PREVIOUS_RANGE_UNAVAILABLE,No previous-cohort LBD range found for this receptor.
Q92570,NR4A3,NOR-1,626,394,623,230,UniProt,PROSITE-ProRule:PRU01189,,,,,,,,False,PREVIOUS_RANGE_UNAVAILABLE,No previous-cohort LBD range found for this receptor.
Q9Y5X4,NR2E3,PNR,410,169,410,242,UniProt,PROSITE-ProRule:PRU01189,,,,,,,,False,PREVIOUS_RANGE_UNAVAILABLE,No previous-cohort LBD range found for this receptor.
Q15466,NR0B2,SHP,257,16,257,242,UniProt,PROSITE-ProRule:PRU01189,,,,,,,,False,PREVIOUS_RANGE_UNAVAILABLE,No previous-cohort LBD range found for this receptor.
Q9Y466,NR2E1,TLX,385,155,383,229,UniProt,PROSITE-ProRule:PRU01189,,,,,,,,False,PREVIOUS_RANGE_UNAVAILABLE,No previous-cohort LBD range found for this receptor.
