record_index,uniprot_id,nr_code,common_name,group,request_url,request_method,query_return_type,experimental_only,http_status,retrieved_at_utc,result_count_reported,result_count_parsed,raw_response_file,raw_response_sha256,success,error_message
0,P10275,NR3C4,AR,Steroid hormone receptors,https://search.rcsb.org/rcsbsearch/v2/query,POST,polymer_entity,True,200,2026-09-23T16:40:36.870535+00:00,102,102,data/raw/api/rcsb/search/P10275.json,7b25d46a18fdc4d2d3a071ec5816c593a1c71229fca18777ce5ccc7ba987c995,True,
1,P03372,NR3A1,ERα,Steroid hormone receptors,https://search.rcsb.org/rcsbsearch/v2/query,POST,polymer_entity,True,200,2026-09-23T16:40:37.689933+00:00,517,517,data/raw/api/rcsb/search/P03372.json,a6e187116ab266b981df6768ab4d60f4faf5c0478f83c10123e700646675f36f,True,
2,Q92731,NR3A2,ERβ,Steroid hormone receptors,https://search.rcsb.org/rcsbsearch/v2/query,POST,polymer_entity,True,200,2026-09-23T16:40:40.419519+00:00,39,39,data/raw/api/rcsb/search/Q92731.json,964c1f96c0d950fcc002db56116918f2d07303154e9173882082b5e85d87654e,True,
3,P04150,NR3C1,GR,Steroid hormone receptors,https://search.rcsb.org/rcsbsearch/v2/query,POST,polymer_entity,True,200,2026-09-23T16:40:44.097000+00:00,57,57,data/raw/api/rcsb/search/P04150.json,c85e4dd862a5d5f06ca3f36a3f3341b5e9971f85d9c71890482df12585a010f8,True,
4,P08235,NR3C2,MR,Steroid hormone receptors,https://search.rcsb.org/rcsbsearch/v2/query,POST,polymer_entity,True,200,2026-09-23T16:40:47.167536+00:00,30,30,data/raw/api/rcsb/search/P08235.json,d80de4a50afdfb3bbdc158197e5bcc7bde89110b99028b9f6e379f758f780bac,True,
5,P06401,NR3C3,PR,Steroid hormone receptors,https://search.rcsb.org/rcsbsearch/v2/query,POST,polymer_entity,True,200,2026-09-23T16:40:49.031049+00:00,21,21,data/raw/api/rcsb/search/P06401.json,a97aa0a586935e229dc7a0d6fb8b2175d8cfd5871c203dc0d12f4b5d81ac778d,True,
6,P10276,NR1B1,RARα,Steroid hormone receptors,https://search.rcsb.org/rcsbsearch/v2/query,POST,polymer_entity,True,200,2026-09-23T16:40:51.599335+00:00,14,14,data/raw/api/rcsb/search/P10276.json,121119c71ad639fc2c95c81180b6a7c7dba18f7eb64aa291d16da0e7aa0d1a58,True,
7,P10826,NR1B2,RARβ,Steroid hormone receptors,https://search.rcsb.org/rcsbsearch/v2/query,POST,polymer_entity,True,200,2026-09-23T16:40:52.557055+00:00,9,9,data/raw/api/rcsb/search/P10826.json,0d5aed273ec631b1170949e57e77ace6e3c3432d41ef2aecde636cc882a5c676,True,
8,P13631,NR1B3,RARγ,Steroid hormone receptors,https://search.rcsb.org/rcsbsearch/v2/query,POST,polymer_entity,True,200,2026-09-23T16:40:54.038915+00:00,11,11,data/raw/api/rcsb/search/P13631.json,5160749f4bdebde595f7a89576252f8e1e51706fb8701a0eee456d4b91130bde,True,
9,P10827,NR1A1,TRα,Steroid hormone receptors,https://search.rcsb.org/rcsbsearch/v2/query,POST,polymer_entity,True,200,2026-09-23T16:40:54.860592+00:00,10,10,data/raw/api/rcsb/search/P10827.json,eb381b630b5325fc875b8b177f5fb2fb85851ef10c245a1e677d437a67e05976,True,
10,P10828,NR1A2,TRβ,Steroid hormone receptors,https://search.rcsb.org/rcsbsearch/v2/query,POST,polymer_entity,True,200,2026-09-23T16:40:55.655753+00:00,34,34,data/raw/api/rcsb/search/P10828.json,d682bc161d07e51cdc8e70ef3f2f6cfa1619e6284ddc2b9940fbf9932caff942,True,
11,P11473,NR1I1,VDR,Steroid hormone receptors,https://search.rcsb.org/rcsbsearch/v2/query,POST,polymer_entity,True,200,2026-09-23T16:40:23.021995+00:00,52,52,data/raw/api/rcsb/search/P11473.json,98c5ac78001d9922d0fcad5b670af92f17895c46360bfb5ca0c92d62c2062f10,True,
12,Q14994,NR1I3,CAR,Nutritional sensors,https://search.rcsb.org/rcsbsearch/v2/query,POST,polymer_entity,True,200,2026-09-23T16:40:56.485747+00:00,2,2,data/raw/api/rcsb/search/Q14994.json,34e76314e14bfcacf0ff182df4ac4793a4b7d8264c7c9780af0080d143440032,True,
13,P11474,NR3B1,ERRα,Nutritional sensors,https://search.rcsb.org/rcsbsearch/v2/query,POST,polymer_entity,True,200,2026-09-23T16:40:58.861304+00:00,6,6,data/raw/api/rcsb/search/P11474.json,745fa826b22436364a10d969b37fa5025791468f50da3aed3654d22da1e78529,True,
14,O95718,NR3B2,ERRβ,Nutritional sensors,https://search.rcsb.org/rcsbsearch/v2/query,POST,polymer_entity,True,200,2026-09-23T16:41:01.060423+00:00,3,3,data/raw/api/rcsb/search/O95718.json,1f917823dba4a72d5416d68c99becf1ac0cdef1f6afbf5df8d9973b091731685,True,
15,P62508,NR3B3,ERRγ,Nutritional sensors,https://search.rcsb.org/rcsbsearch/v2/query,POST,polymer_entity,True,200,2026-09-23T16:41:01.965818+00:00,43,43,data/raw/api/rcsb/search/P62508.json,94ac2bf4b952bd4177a2fe265ba143902b9c6adef9e3d12d6b12c9fdf3b00581,True,
16,Q96RI1,NR1H4,FXR,Nutritional sensors,https://search.rcsb.org/rcsbsearch/v2/query,POST,polymer_entity,True,200,2026-09-23T16:41:02.792088+00:00,92,92,data/raw/api/rcsb/search/Q96RI1.json,f0cb4e7e00cfaad415f830598b0fffabc5e22207c692f29b50e4186472088df3,True,
17,P41235,NR2A1,HNF4α,Nutritional sensors,https://search.rcsb.org/rcsbsearch/v2/query,POST,polymer_entity,True,200,2026-09-23T16:41:03.585230+00:00,8,8,data/raw/api/rcsb/search/P41235.json,e32301f5adf310bc768eeab647ecfd4816f161c5e5aec6301c7b4550f3b2e84f,True,
18,Q14541,NR2A2,HNF4γ,Nutritional sensors,https://search.rcsb.org/rcsbsearch/v2/query,POST,polymer_entity,True,200,2026-09-23T16:41:04.884596+00:00,1,1,data/raw/api/rcsb/search/Q14541.json,fc3d5542b9b59ec5bb8fcef860d4a9cc901c71e5cedd94ba050af19844ea0c91,True,
19,O00482,NR5A2,LRH-1,Nutritional sensors,https://search.rcsb.org/rcsbsearch/v2/query,POST,polymer_entity,True,200,2026-09-23T16:41:05.855187+00:00,28,28,data/raw/api/rcsb/search/O00482.json,d40f3f6a7c84b56b38340700d6934b91cd14c29403704415aabc840883f0aa69,True,
20,Q13133,NR1H3,LXRα,Nutritional sensors,https://search.rcsb.org/rcsbsearch/v2/query,POST,polymer_entity,True,200,2026-09-23T16:41:06.825187+00:00,7,7,data/raw/api/rcsb/search/Q13133.json,9100cdab0498532ad9650e5ca187cc47ae8e25cb24a8bb9acf92f730955eed09,True,
21,P55055,NR1H2,LXRβ,Nutritional sensors,https://search.rcsb.org/rcsbsearch/v2/query,POST,polymer_entity,True,200,2026-09-23T16:41:08.090123+00:00,25,25,data/raw/api/rcsb/search/P55055.json,8ee81b948d8abf4647f1ab0f874bbbf5cc9d8ee9c9c49a7e338e57b5e1b3cbd4,True,
22,P22736,NR4A1,NUR77,Nutritional sensors,https://search.rcsb.org/rcsbsearch/v2/query,POST,polymer_entity,True,200,2026-09-23T16:41:08.899518+00:00,22,22,data/raw/api/rcsb/search/P22736.json,189a6413ee15d4791197186b8477a0a45c2288699acb354d2306c3eefec65d75,True,
23,P43354,NR4A2,NURR1,Nutritional sensors,https://search.rcsb.org/rcsbsearch/v2/query,POST,polymer_entity,True,200,2026-09-23T16:41:09.776181+00:00,10,10,data/raw/api/rcsb/search/P43354.json,484023949d6175a37d0170860de7053e97d798eeb06b5d8ddbacffd0d984ca08,True,
24,Q07869,NR1C1,PPARα,Nutritional sensors,https://search.rcsb.org/rcsbsearch/v2/query,POST,polymer_entity,True,200,2026-09-23T16:41:14.253386+00:00,79,79,data/raw/api/rcsb/search/Q07869.json,c46896e804c8c49a92ad17a85c7e5d972908c8c1d3e4fe662125dd42e5f93ffb,True,
25,Q03181,NR1C2,PPARδ,Nutritional sensors,https://search.rcsb.org/rcsbsearch/v2/query,POST,polymer_entity,True,200,2026-09-23T16:41:15.489929+00:00,56,56,data/raw/api/rcsb/search/Q03181.json,92100dcc2b44307dcf8cc8611fc94aed9fe7c48e41777d820a3792e181d3a831,True,
26,P37231,NR1C3,PPARγ,Nutritional sensors,https://search.rcsb.org/rcsbsearch/v2/query,POST,polymer_entity,True,200,2026-09-23T16:41:17.354797+00:00,383,383,data/raw/api/rcsb/search/P37231.json,ad2001cd1113e2f7425506c0e80663f394be31480a652bd4e269f676e80bf817,True,
27,O75469,NR1I2,PXR,Nutritional sensors,https://search.rcsb.org/rcsbsearch/v2/query,POST,polymer_entity,True,200,2026-09-23T16:41:18.175155+00:00,80,80,data/raw/api/rcsb/search/O75469.json,c46a066294767bfbf46c4b631d29b4c2b0a5fd1471fb572866ea47f7e27b27f1,True,
28,P20393,NR1D1,Rev-erbα,Nutritional sensors,https://search.rcsb.org/rcsbsearch/v2/query,POST,polymer_entity,True,200,2026-09-23T16:41:18.996905+00:00,5,5,data/raw/api/rcsb/search/P20393.json,6f1e34e561d5dc9625b50035c993daab7f78b84e44569591f3121c87e6fba783,True,
29,Q14995,NR1D2,Rev-erbβ,Nutritional sensors,https://search.rcsb.org/rcsbsearch/v2/query,POST,polymer_entity,True,200,2026-09-23T16:41:20.934591+00:00,6,6,data/raw/api/rcsb/search/Q14995.json,ad5daaf3ace57edbb437234e584a5d19910951a0e2cd7bb07bb1095d06a882e4,True,
30,P35398,NR1F1,RORα,Nutritional sensors,https://search.rcsb.org/rcsbsearch/v2/query,POST,polymer_entity,True,200,2026-09-23T16:41:22.075820+00:00,3,3,data/raw/api/rcsb/search/P35398.json,df05e8b002c4d94439583afdcc39f6ec278c49f0cd5e3ea107d58efca45cca28,True,
31,Q92753,NR1F2,RORβ,Nutritional sensors,https://search.rcsb.org/rcsbsearch/v2/query,POST,polymer_entity,True,204,2026-09-23T16:41:23.852159+00:00,0,0,data/raw/api/rcsb/search/Q92753.json,3d1c6e32f01205b6216e43e6d1afc9329b111422c163c816a123e9b5f354b15e,True,
32,P51449,NR1F3,RORγ,Nutritional sensors,https://search.rcsb.org/rcsbsearch/v2/query,POST,polymer_entity,True,200,2026-09-23T16:41:27.438205+00:00,165,165,data/raw/api/rcsb/search/P51449.json,6fc6df19202856a78b0b399c50ce182ddb38fbcf5323157b3c8ef62545aa9f27,True,
33,P19793,NR2B1,RXRα,Nutritional sensors,https://search.rcsb.org/rcsbsearch/v2/query,POST,polymer_entity,True,200,2026-09-23T16:41:30.149833+00:00,111,111,data/raw/api/rcsb/search/P19793.json,1541d5e68617aa10c66d5f4a43a2ad5fe764c867a2d7865e8b0a45e46cf6e92c,True,
34,P28702,NR2B2,RXRβ,Nutritional sensors,https://search.rcsb.org/rcsbsearch/v2/query,POST,polymer_entity,True,200,2026-09-23T16:41:32.059298+00:00,7,7,data/raw/api/rcsb/search/P28702.json,50dc2be78b8d660c28b11d8d564502556b7856653e6eef68071f7995c85d9fb8,True,
35,P48443,NR2B3,RXRγ,Nutritional sensors,https://search.rcsb.org/rcsbsearch/v2/query,POST,polymer_entity,True,200,2026-09-23T16:41:33.435720+00:00,2,2,data/raw/api/rcsb/search/P48443.json,604b9e653252763430d0922eeb42d3d041e6164d11c414167b7a1efc3973bded,True,
36,Q13285,NR5A1,SF-1,Nutritional sensors,https://search.rcsb.org/rcsbsearch/v2/query,POST,polymer_entity,True,200,2026-09-23T16:41:35.536938+00:00,6,6,data/raw/api/rcsb/search/Q13285.json,69ba856fa755d0d5ecbae136eb2dce90db70bf52b28bb045f18ebbb8b43cd792,True,
37,P13056,NR2C1,TR2,Nutritional sensors,https://search.rcsb.org/rcsbsearch/v2/query,POST,polymer_entity,True,204,2026-09-23T16:41:36.645591+00:00,0,0,data/raw/api/rcsb/search/P13056.json,04bb379a5c8c99cb68b7042e0d4c60582ea05325cbfb2e6237d71ca7c027b97b,True,
38,P49116,NR2C2,TR4,Nutritional sensors,https://search.rcsb.org/rcsbsearch/v2/query,POST,polymer_entity,True,200,2026-09-23T16:41:37.529069+00:00,5,5,data/raw/api/rcsb/search/P49116.json,348e8b8ad245c2e443d56359d94010eb53b56eb9e52baa060dc0b4be305ccd08,True,
39,P10589,NR2F1,COUP-TFI,Orphan receptors,https://search.rcsb.org/rcsbsearch/v2/query,POST,polymer_entity,True,200,2026-09-23T16:41:38.297241+00:00,1,1,data/raw/api/rcsb/search/P10589.json,2075af3f82d238df983d8b0792b51fb5c67dc06f88ac2bd26b0eec3e2c4c7c44,True,
40,P24468,NR2F2,COUP-TFII,Orphan receptors,https://search.rcsb.org/rcsbsearch/v2/query,POST,polymer_entity,True,200,2026-09-23T16:41:39.102336+00:00,1,1,data/raw/api/rcsb/search/P24468.json,b357df3f68392779d59f5e8b6860ae9356702446c70110a3f0807bce70e8ff8f,True,
41,P51843,NR0B1,DAX-1,Orphan receptors,https://search.rcsb.org/rcsbsearch/v2/query,POST,polymer_entity,True,200,2026-09-23T16:41:39.866437+00:00,1,1,data/raw/api/rcsb/search/P51843.json,32f8b5f77a3411ce1ac1c1fbbabffb4c9366f790579e791b23d5a78684b184d1,True,
42,P10588,NR2F6,EAR-2,Orphan receptors,https://search.rcsb.org/rcsbsearch/v2/query,POST,polymer_entity,True,200,2026-09-23T16:41:40.680184+00:00,1,1,data/raw/api/rcsb/search/P10588.json,72cc8640bb85fa50da6e084fc7dcac75bf045c34e7ca5f19464b4f22d85f8b45,True,
43,Q15406,NR6A1,GCNF,Orphan receptors,https://search.rcsb.org/rcsbsearch/v2/query,POST,polymer_entity,True,204,2026-09-23T16:41:41.894099+00:00,0,0,data/raw/api/rcsb/search/Q15406.json,a8db733d8e14a0aec43fc74a17872ae3ec5c1a5a2197d61e436c04caf10df6eb,True,
44,Q92570,NR4A3,NOR-1,Orphan receptors,https://search.rcsb.org/rcsbsearch/v2/query,POST,polymer_entity,True,200,2026-09-23T16:41:42.841623+00:00,1,1,data/raw/api/rcsb/search/Q92570.json,cfdd3fcb8104643196d585d298d5fd501e1da37041cc3801770221b95ad551e5,True,
45,Q9Y5X4,NR2E3,PNR,Orphan receptors,https://search.rcsb.org/rcsbsearch/v2/query,POST,polymer_entity,True,200,2026-09-23T16:41:44.884311+00:00,1,1,data/raw/api/rcsb/search/Q9Y5X4.json,84dbfb281d6bb13516ec63b36fb89c7e33d5e70f1bdfbe6a546d31c4bd00f4c6,True,
46,Q15466,NR0B2,SHP,Orphan receptors,https://search.rcsb.org/rcsbsearch/v2/query,POST,polymer_entity,True,200,2026-09-23T16:41:47.977316+00:00,14,14,data/raw/api/rcsb/search/Q15466.json,c2ea3a3e63dcd8066b5f80ff57ad24a373005b3962687344efeab41563ee699c,True,
47,Q9Y466,NR2E1,TLX,Orphan receptors,https://search.rcsb.org/rcsbsearch/v2/query,POST,polymer_entity,True,200,2026-09-23T16:41:50.530257+00:00,1,1,data/raw/api/rcsb/search/Q9Y466.json,f6fda11760ee4783436d773a4bee7849064fa54cb8d2d0a8741127589f9b8d0a,True,
