polymer_entity_id,pdb_id,entity_id,project_receptor_uniprot,project_receptor_name,entity_description,entity_sequence_length,all_mapped_uniprot_accessions,project_receptor_reference_coverage,project_receptor_entity_coverage,all_mapping_ranges_json,source_organism_names,source_taxonomy_ids,classification,classification_reason
3CTB_1,3CTB,1,O75469,PXR,"Pregnane X receptor, Linker, Steroid receptor coactivator 1",344,"[""O75469"",""Q15788""]",0.702765,0.886628,"{""O75469"":[{""entity_beg_seq_id"":12,""ref_beg_seq_id"":130,""length"":305,""entity_end_seq_id"":316,""ref_end_seq_id"":434}],""Q15788"":[{""entity_beg_seq_id"":322,""ref_beg_seq_id"":678,""length"":23,""entity_end_seq_id"":344,""ref_end_seq_id"":700}]}","[""Homo sapiens""]",[9606],FUSION_OR_CHIMERA,"Project receptor's aligned entity-sequence range(s) [(12, 316)] and Q15788's range(s) [(322, 344)] overlap by only 0.0% — disjoint regions of the same chain, consistent with an engineered fusion/chimera construct."
3HVL_1,3HVL,1,O75469,PXR,"Pregnane X receptor, Linker, Steroid receptor coactivator 1",344,"[""O75469"",""Q15788""]",0.702765,0.886628,"{""O75469"":[{""entity_beg_seq_id"":12,""ref_beg_seq_id"":130,""length"":305,""entity_end_seq_id"":316,""ref_end_seq_id"":434}],""Q15788"":[{""entity_beg_seq_id"":322,""ref_beg_seq_id"":678,""length"":23,""entity_end_seq_id"":344,""ref_end_seq_id"":700}]}","[""Homo sapiens""]",[9606],FUSION_OR_CHIMERA,"Project receptor's aligned entity-sequence range(s) [(12, 316)] and Q15788's range(s) [(322, 344)] overlap by only 0.0% — disjoint regions of the same chain, consistent with an engineered fusion/chimera construct."
4J5X_1,4J5X,1,P19793,RXRα,"Retinoic acid receptor RXR-alpha, Nuclear receptor coactivator 1",264,"[""P19793"",""Q15788""]",0.510823,0.893939,"{""P19793"":[{""entity_beg_seq_id"":1,""ref_beg_seq_id"":227,""length"":236,""entity_end_seq_id"":236,""ref_end_seq_id"":462}],""Q15788"":[{""entity_beg_seq_id"":242,""ref_beg_seq_id"":678,""length"":23,""entity_end_seq_id"":264,""ref_end_seq_id"":700}]}","[""Homo sapiens""]",[9606],FUSION_OR_CHIMERA,"Project receptor's aligned entity-sequence range(s) [(1, 236)] and Q15788's range(s) [(242, 264)] overlap by only 0.0% — disjoint regions of the same chain, consistent with an engineered fusion/chimera construct."
4J5X_2,4J5X,2,O75469,PXR,"Nuclear receptor subfamily 1 group I member 2, Nuclear receptor coactivator 1",336,"[""O75469"",""Q15788""]",0.702765,0.907738,"{""O75469"":[{""entity_beg_seq_id"":4,""ref_beg_seq_id"":130,""length"":305,""entity_end_seq_id"":308,""ref_end_seq_id"":434}],""Q15788"":[{""entity_beg_seq_id"":314,""ref_beg_seq_id"":678,""length"":23,""entity_end_seq_id"":336,""ref_end_seq_id"":700}]}","[""Homo sapiens""]",[9606],FUSION_OR_CHIMERA,"Project receptor's aligned entity-sequence range(s) [(4, 308)] and Q15788's range(s) [(314, 336)] overlap by only 0.0% — disjoint regions of the same chain, consistent with an engineered fusion/chimera construct."
4LOG_1,4LOG,1,Q9Y5X4,PNR,Maltose ABC transporter periplasmic protein and NR2E3 protein chimeric construct,574,"[""P0AEX9"",""Q9Y5X4""]",0.473171,0.337979,"{""P0AEX9"":[{""entity_beg_seq_id"":2,""ref_beg_seq_id"":26,""length"":367,""entity_end_seq_id"":368,""ref_end_seq_id"":392}],""Q9Y5X4"":[{""entity_beg_seq_id"":375,""ref_beg_seq_id"":217,""length"":194,""entity_end_seq_id"":568,""ref_end_seq_id"":410}]}","[""Escherichia coli O104:H4"",""HOMO SAPIENS""]","[9606,1133853]",FUSION_OR_CHIMERA,"Project receptor's aligned entity-sequence range(s) [(375, 568)] and P0AEX9's range(s) [(2, 368)] overlap by only 0.0% — disjoint regions of the same chain, consistent with an engineered fusion/chimera construct."
4XAJ_1,4XAJ,1,Q9Y466,TLX,"Maltose-binding periplasmic protein,Nuclear receptor subfamily 2 group E member 1",576,"[""P0AEY0"",""Q9Y466""]",0.524675,0.350694,"{""P0AEY0"":[{""entity_beg_seq_id"":1,""ref_beg_seq_id"":25,""length"":368,""entity_end_seq_id"":368,""ref_end_seq_id"":392}],""Q9Y466"":[{""entity_beg_seq_id"":375,""ref_beg_seq_id"":182,""length"":202,""entity_end_seq_id"":576,""ref_end_seq_id"":383}]}","[""Escherichia coli O157:H7"",""Homo sapiens""]","[9606,83334]",FUSION_OR_CHIMERA,"Project receptor's aligned entity-sequence range(s) [(375, 576)] and P0AEY0's range(s) [(1, 368)] overlap by only 0.0% — disjoint regions of the same chain, consistent with an engineered fusion/chimera construct."
5I4V_1,5I4V,1,P55055,LXRβ,"Oxysterols receptor LXR-beta,Nuclear receptor coactivator 2",270,"[""P55055"",""Q15596""]",0.545652,0.92963,"{""P55055"":[{""entity_beg_seq_id"":1,""ref_beg_seq_id"":210,""length"":251,""entity_end_seq_id"":251,""ref_end_seq_id"":460}],""Q15596"":[{""entity_beg_seq_id"":258,""ref_beg_seq_id"":687,""length"":13,""entity_end_seq_id"":270,""ref_end_seq_id"":699}]}","[""Homo sapiens""]",[9606],FUSION_OR_CHIMERA,"Project receptor's aligned entity-sequence range(s) [(1, 251)] and Q15596's range(s) [(258, 270)] overlap by only 0.0% — disjoint regions of the same chain, consistent with an engineered fusion/chimera construct."
5I4V_2,5I4V,2,P28702,RXRβ,"Retinoic acid receptor RXR-beta,Nuclear receptor coactivator 2",255,"[""P28702"",""Q15596""]",0.442777,0.92549,"{""P28702"":[{""entity_beg_seq_id"":1,""ref_beg_seq_id"":293,""length"":236,""entity_end_seq_id"":236,""ref_end_seq_id"":528}],""Q15596"":[{""entity_beg_seq_id"":243,""ref_beg_seq_id"":687,""length"":13,""entity_end_seq_id"":255,""ref_end_seq_id"":699}]}","[""Homo sapiens""]",[9606],FUSION_OR_CHIMERA,"Project receptor's aligned entity-sequence range(s) [(1, 236)] and Q15596's range(s) [(243, 255)] overlap by only 0.0% — disjoint regions of the same chain, consistent with an engineered fusion/chimera construct."
5VB3_1,5VB3,1,P51449,RORγ,"Nuclear receptor ROR-gamma, SRC2 chimera",280,"[""P51449"",""Q15596""]",0.478764,0.885714,"{""P51449"":[{""entity_beg_seq_id"":17,""ref_beg_seq_id"":260,""length"":248,""entity_end_seq_id"":264,""ref_end_seq_id"":507}],""Q15596"":[{""entity_beg_seq_id"":268,""ref_beg_seq_id"":685,""length"":13,""entity_end_seq_id"":280,""ref_end_seq_id"":697}]}","[""Homo sapiens""]",[9606],FUSION_OR_CHIMERA,"Project receptor's aligned entity-sequence range(s) [(17, 264)] and Q15596's range(s) [(268, 280)] overlap by only 0.0% — disjoint regions of the same chain, consistent with an engineered fusion/chimera construct."
5VB5_1,5VB5,1,P51449,RORγ,"Nuclear receptor ROR-gamma, SRC2 chimera",280,"[""P51449"",""Q15596""]",0.478764,0.885714,"{""P51449"":[{""entity_beg_seq_id"":17,""ref_beg_seq_id"":260,""length"":248,""entity_end_seq_id"":264,""ref_end_seq_id"":507}],""Q15596"":[{""entity_beg_seq_id"":268,""ref_beg_seq_id"":685,""length"":13,""entity_end_seq_id"":280,""ref_end_seq_id"":697}]}","[""Homo sapiens""]",[9606],FUSION_OR_CHIMERA,"Project receptor's aligned entity-sequence range(s) [(17, 264)] and Q15596's range(s) [(268, 280)] overlap by only 0.0% — disjoint regions of the same chain, consistent with an engineered fusion/chimera construct."
5VB6_1,5VB6,1,P51449,RORγ,"Nuclear receptor ROR-gamma, SRC2 chimera",280,"[""P51449"",""Q15596""]",0.478764,0.885714,"{""P51449"":[{""entity_beg_seq_id"":17,""ref_beg_seq_id"":260,""length"":248,""entity_end_seq_id"":264,""ref_end_seq_id"":507}],""Q15596"":[{""entity_beg_seq_id"":268,""ref_beg_seq_id"":685,""length"":13,""entity_end_seq_id"":280,""ref_end_seq_id"":697}]}","[""Homo sapiens""]",[9606],FUSION_OR_CHIMERA,"Project receptor's aligned entity-sequence range(s) [(17, 264)] and Q15596's range(s) [(268, 280)] overlap by only 0.0% — disjoint regions of the same chain, consistent with an engineered fusion/chimera construct."
5VB7_1,5VB7,1,P51449,RORγ,"Nuclear receptor ROR-gamma, SRC2 chimera",280,"[""P51449"",""Q15596""]",0.478764,0.885714,"{""P51449"":[{""entity_beg_seq_id"":17,""ref_beg_seq_id"":260,""length"":248,""entity_end_seq_id"":264,""ref_end_seq_id"":507}],""Q15596"":[{""entity_beg_seq_id"":268,""ref_beg_seq_id"":685,""length"":13,""entity_end_seq_id"":280,""ref_end_seq_id"":697}]}","[""Homo sapiens""]",[9606],FUSION_OR_CHIMERA,"Project receptor's aligned entity-sequence range(s) [(17, 264)] and Q15596's range(s) [(268, 280)] overlap by only 0.0% — disjoint regions of the same chain, consistent with an engineered fusion/chimera construct."
5VQK_1,5VQK,1,P51449,RORγ,"Nuclear receptor ROR-gamma, SRC2 chimera",280,"[""P51449"",""Q15596""]",0.478764,0.885714,"{""P51449"":[{""entity_beg_seq_id"":17,""ref_beg_seq_id"":260,""length"":248,""entity_end_seq_id"":264,""ref_end_seq_id"":507}],""Q15596"":[{""entity_beg_seq_id"":268,""ref_beg_seq_id"":685,""length"":13,""entity_end_seq_id"":280,""ref_end_seq_id"":697}]}","[""Homo sapiens""]",[9606],FUSION_OR_CHIMERA,"Project receptor's aligned entity-sequence range(s) [(17, 264)] and Q15596's range(s) [(268, 280)] overlap by only 0.0% — disjoint regions of the same chain, consistent with an engineered fusion/chimera construct."
5VQL_1,5VQL,1,P51449,RORγ,"Nuclear receptor ROR-gamma, SRC2 chimera",280,"[""P51449"",""Q15596""]",0.478764,0.885714,"{""P51449"":[{""entity_beg_seq_id"":17,""ref_beg_seq_id"":260,""length"":248,""entity_end_seq_id"":264,""ref_end_seq_id"":507}],""Q15596"":[{""entity_beg_seq_id"":268,""ref_beg_seq_id"":685,""length"":13,""entity_end_seq_id"":280,""ref_end_seq_id"":697}]}","[""Homo sapiens""]",[9606],FUSION_OR_CHIMERA,"Project receptor's aligned entity-sequence range(s) [(17, 264)] and Q15596's range(s) [(268, 280)] overlap by only 0.0% — disjoint regions of the same chain, consistent with an engineered fusion/chimera construct."
6BNS_1,6BNS,1,O75469,PXR,"Nuclear receptor subfamily 1 group I member 2,Nuclear receptor coactivator 1 Chimera",351,"[""O75469"",""Q15788""]",0.702765,0.868946,"{""O75469"":[{""entity_beg_seq_id"":8,""ref_beg_seq_id"":130,""length"":305,""entity_end_seq_id"":312,""ref_end_seq_id"":434}],""Q15788"":[{""entity_beg_seq_id"":319,""ref_beg_seq_id"":678,""length"":33,""entity_end_seq_id"":351,""ref_end_seq_id"":710}]}","[""Homo sapiens""]",[9606],FUSION_OR_CHIMERA,"Project receptor's aligned entity-sequence range(s) [(8, 312)] and Q15788's range(s) [(319, 351)] overlap by only 0.0% — disjoint regions of the same chain, consistent with an engineered fusion/chimera construct."
6HTY_1,6HTY,1,O75469,PXR,"Nuclear receptor subfamily 1 group I member 2,Nuclear receptor coactivator 1",344,"[""O75469"",""Q15788""]",0.705069,0.889535,"{""O75469"":[{""entity_beg_seq_id"":11,""ref_beg_seq_id"":129,""length"":306,""entity_end_seq_id"":316,""ref_end_seq_id"":434}],""Q15788"":[{""entity_beg_seq_id"":322,""ref_beg_seq_id"":678,""length"":23,""entity_end_seq_id"":344,""ref_end_seq_id"":700}]}","[""Homo sapiens""]",[9606],FUSION_OR_CHIMERA,"Project receptor's aligned entity-sequence range(s) [(11, 316)] and Q15788's range(s) [(322, 344)] overlap by only 0.0% — disjoint regions of the same chain, consistent with an engineered fusion/chimera construct."
6NX1_1,6NX1,1,O75469,PXR,"Nuclear receptor subfamily 1 group I member 2,Nuclear receptor coactivator 1 fusion",351,"[""O75469"",""Q15788""]",0.702765,0.868946,"{""O75469"":[{""entity_beg_seq_id"":8,""ref_beg_seq_id"":130,""length"":305,""entity_end_seq_id"":312,""ref_end_seq_id"":434}],""Q15788"":[{""entity_beg_seq_id"":319,""ref_beg_seq_id"":678,""length"":33,""entity_end_seq_id"":351,""ref_end_seq_id"":710}]}","[""Homo sapiens""]",[9606],FUSION_OR_CHIMERA,"Project receptor's aligned entity-sequence range(s) [(8, 312)] and Q15788's range(s) [(319, 351)] overlap by only 0.0% — disjoint regions of the same chain, consistent with an engineered fusion/chimera construct."
6P9F_1,6P9F,1,P51449,RORγ,"Nuclear receptor ROR-gamma, Nuclear receptor coactivator 1 chimera",285,"[""P51449"",""Q15788""]",0.471042,0.85614,"{""P51449"":[{""entity_beg_seq_id"":22,""ref_beg_seq_id"":265,""length"":244,""entity_end_seq_id"":265,""ref_end_seq_id"":508}],""Q15788"":[{""entity_beg_seq_id"":272,""ref_beg_seq_id"":683,""length"":14,""entity_end_seq_id"":285,""ref_end_seq_id"":696}]}","[""Homo sapiens""]",[9606],FUSION_OR_CHIMERA,"Project receptor's aligned entity-sequence range(s) [(22, 265)] and Q15788's range(s) [(272, 285)] overlap by only 0.0% — disjoint regions of the same chain, consistent with an engineered fusion/chimera construct."
6TFI_1,6TFI,1,O75469,PXR,"Nuclear receptor subfamily 1 group I member 2,Nuclear receptor coactivator 1",344,"[""O75469"",""Q15788""]",0.705069,0.889535,"{""O75469"":[{""entity_beg_seq_id"":11,""ref_beg_seq_id"":129,""length"":306,""entity_end_seq_id"":316,""ref_end_seq_id"":434}],""Q15788"":[{""entity_beg_seq_id"":325,""ref_beg_seq_id"":681,""length"":20,""entity_end_seq_id"":344,""ref_end_seq_id"":700}]}","[""Homo sapiens""]",[9606],FUSION_OR_CHIMERA,"Project receptor's aligned entity-sequence range(s) [(11, 316)] and Q15788's range(s) [(325, 344)] overlap by only 0.0% — disjoint regions of the same chain, consistent with an engineered fusion/chimera construct."
6U25_1,6U25,1,P51449,RORγ,NUCLEAR RECEPTOR COACTIVATOR 1 CHIMERA,285,"[""P51449"",""Q15788""]",0.471042,0.85614,"{""P51449"":[{""entity_beg_seq_id"":22,""ref_beg_seq_id"":265,""length"":244,""entity_end_seq_id"":265,""ref_end_seq_id"":508}],""Q15788"":[{""entity_beg_seq_id"":272,""ref_beg_seq_id"":683,""length"":14,""entity_end_seq_id"":285,""ref_end_seq_id"":696}]}","[""Homo sapiens""]",[9606],FUSION_OR_CHIMERA,"Project receptor's aligned entity-sequence range(s) [(22, 265)] and Q15788's range(s) [(272, 285)] overlap by only 0.0% — disjoint regions of the same chain, consistent with an engineered fusion/chimera construct."
6W9H_1,6W9H,1,P51449,RORγ,"Nuclear receptor ROR-gamma, Steroid receptor coactivator 1 fusion",285,"[""P51449"",""Q15788""]",0.471042,0.85614,"{""P51449"":[{""entity_beg_seq_id"":22,""ref_beg_seq_id"":265,""length"":244,""entity_end_seq_id"":265,""ref_end_seq_id"":508}],""Q15788"":[{""entity_beg_seq_id"":272,""ref_beg_seq_id"":683,""length"":14,""entity_end_seq_id"":285,""ref_end_seq_id"":696}]}","[""Homo sapiens""]",[9606],FUSION_OR_CHIMERA,"Project receptor's aligned entity-sequence range(s) [(22, 265)] and Q15788's range(s) [(272, 285)] overlap by only 0.0% — disjoint regions of the same chain, consistent with an engineered fusion/chimera construct."
6W9I_1,6W9I,1,P51449,RORγ,"Nuclear receptor ROR-gamma, Steroid receptor coactivator 1 fusion",285,"[""P51449"",""Q15788""]",0.471042,0.85614,"{""P51449"":[{""entity_beg_seq_id"":22,""ref_beg_seq_id"":265,""length"":244,""entity_end_seq_id"":265,""ref_end_seq_id"":508}],""Q15788"":[{""entity_beg_seq_id"":272,""ref_beg_seq_id"":683,""length"":14,""entity_end_seq_id"":285,""ref_end_seq_id"":696}]}","[""Homo sapiens""]",[9606],FUSION_OR_CHIMERA,"Project receptor's aligned entity-sequence range(s) [(22, 265)] and Q15788's range(s) [(272, 285)] overlap by only 0.0% — disjoint regions of the same chain, consistent with an engineered fusion/chimera construct."
6XP9_1,6XP9,1,O75469,PXR,"Nuclear receptor subfamily 1 group I member 2,Nuclear receptor coactivator 1 fusion",351,"[""O75469"",""Q15788""]",0.702765,0.868946,"{""O75469"":[{""entity_beg_seq_id"":8,""ref_beg_seq_id"":130,""length"":305,""entity_end_seq_id"":312,""ref_end_seq_id"":434}],""Q15788"":[{""entity_beg_seq_id"":319,""ref_beg_seq_id"":678,""length"":33,""entity_end_seq_id"":351,""ref_end_seq_id"":710}]}","[""Homo sapiens""]",[9606],FUSION_OR_CHIMERA,"Project receptor's aligned entity-sequence range(s) [(8, 312)] and Q15788's range(s) [(319, 351)] overlap by only 0.0% — disjoint regions of the same chain, consistent with an engineered fusion/chimera construct."
7JYM_1,7JYM,1,P51449,RORγ,"Nuclear receptor ROR-gamma, Nuclear receptor coactivator 1",285,"[""P51449"",""Q15788""]",0.471042,0.85614,"{""P51449"":[{""entity_beg_seq_id"":22,""ref_beg_seq_id"":265,""length"":244,""entity_end_seq_id"":265,""ref_end_seq_id"":508}],""Q15788"":[{""entity_beg_seq_id"":272,""ref_beg_seq_id"":683,""length"":14,""entity_end_seq_id"":285,""ref_end_seq_id"":696}]}","[""Homo sapiens""]",[9606],FUSION_OR_CHIMERA,"Project receptor's aligned entity-sequence range(s) [(22, 265)] and Q15788's range(s) [(272, 285)] overlap by only 0.0% — disjoint regions of the same chain, consistent with an engineered fusion/chimera construct."
7KXD_1,7KXD,1,P51449,RORγ,"Nuclear receptor ROR-gamma, Nuclear receptor coactivator 1 peptide chimera",285,"[""P51449"",""Q15788""]",0.471042,0.85614,"{""P51449"":[{""entity_beg_seq_id"":22,""ref_beg_seq_id"":265,""length"":244,""entity_end_seq_id"":265,""ref_end_seq_id"":508}],""Q15788"":[{""entity_beg_seq_id"":272,""ref_beg_seq_id"":683,""length"":14,""entity_end_seq_id"":285,""ref_end_seq_id"":696}]}","[""Homo sapiens""]",[9606],FUSION_OR_CHIMERA,"Project receptor's aligned entity-sequence range(s) [(22, 265)] and Q15788's range(s) [(272, 285)] overlap by only 0.0% — disjoint regions of the same chain, consistent with an engineered fusion/chimera construct."
7KXE_1,7KXE,1,P51449,RORγ,"Nuclear receptor ROR-gamma, Nuclear receptor coactivator 1 chimera",285,"[""P51449"",""Q15788""]",0.471042,0.85614,"{""P51449"":[{""entity_beg_seq_id"":22,""ref_beg_seq_id"":265,""length"":244,""entity_end_seq_id"":265,""ref_end_seq_id"":508}],""Q15788"":[{""entity_beg_seq_id"":272,""ref_beg_seq_id"":683,""length"":14,""entity_end_seq_id"":285,""ref_end_seq_id"":696}]}","[""Homo sapiens""]",[9606],FUSION_OR_CHIMERA,"Project receptor's aligned entity-sequence range(s) [(22, 265)] and Q15788's range(s) [(272, 285)] overlap by only 0.0% — disjoint regions of the same chain, consistent with an engineered fusion/chimera construct."
7KXF_1,7KXF,1,P51449,RORγ,"Nuclear receptor ROR-gamma, Nuclear receptor coactivator 1 chimera",285,"[""P51449"",""Q15788""]",0.471042,0.85614,"{""P51449"":[{""entity_beg_seq_id"":22,""ref_beg_seq_id"":265,""length"":244,""entity_end_seq_id"":265,""ref_end_seq_id"":508}],""Q15788"":[{""entity_beg_seq_id"":272,""ref_beg_seq_id"":683,""length"":14,""entity_end_seq_id"":285,""ref_end_seq_id"":696}]}","[""Homo sapiens""]",[9606],FUSION_OR_CHIMERA,"Project receptor's aligned entity-sequence range(s) [(22, 265)] and Q15788's range(s) [(272, 285)] overlap by only 0.0% — disjoint regions of the same chain, consistent with an engineered fusion/chimera construct."
7YFK_1,7YFK,1,O75469,PXR,"Nuclear receptor subfamily 1 group I member 2,Nuclear receptor coactivator 1",340,"[""O75469"",""Q15788""]",0.702765,0.897059,"{""O75469"":[{""entity_beg_seq_id"":2,""ref_beg_seq_id"":130,""length"":305,""entity_end_seq_id"":306,""ref_end_seq_id"":434}],""Q15788"":[{""entity_beg_seq_id"":313,""ref_beg_seq_id"":676,""length"":25,""entity_end_seq_id"":337,""ref_end_seq_id"":700}]}","[""Homo sapiens""]",[9606],FUSION_OR_CHIMERA,"Project receptor's aligned entity-sequence range(s) [(2, 306)] and Q15788's range(s) [(313, 337)] overlap by only 0.0% — disjoint regions of the same chain, consistent with an engineered fusion/chimera construct."
8C5L_1,8C5L,1,P10588,EAR-2,"Maltose/maltodextrin-binding periplasmic protein,Nuclear receptor subfamily 2 group F member 6",568,"[""P0AEX9"",""P10588""]",0.490099,0.348592,"{""P0AEX9"":[{""entity_beg_seq_id"":2,""ref_beg_seq_id"":27,""length"":361,""entity_end_seq_id"":362,""ref_end_seq_id"":387},{""entity_beg_seq_id"":366,""ref_beg_seq_id"":391,""length"":2,""entity_end_seq_id"":367,""ref_end_seq_id"":392}],""P10588"":[{""entity_beg_seq_id"":363,""ref_beg_seq_id"":193,""length"":3,""entity_end_seq_id"":365,""ref_end_seq_id"":195},{""entity_beg_seq_id"":374,""ref_beg_seq_id"":199,""length"":195,""entity_end_seq_id"":568,""ref_end_seq_id"":393}]}","[""Escherichia coli K-12"",""Homo sapiens""]","[9606,83333]",FUSION_OR_CHIMERA,"Project receptor's aligned entity-sequence range(s) [(363, 365), (374, 568)] and P0AEX9's range(s) [(2, 362), (366, 367)] overlap by only 0.0% — disjoint regions of the same chain, consistent with an engineered fusion/chimera construct."
8SVN_1,8SVN,1,O75469,PXR,Pregnane X receptor ligand binding domain fused to SRC-1 coactivator peptide,351,"[""O75469"",""Q15788""]",0.702765,0.868946,"{""O75469"":[{""entity_beg_seq_id"":8,""ref_beg_seq_id"":130,""length"":305,""entity_end_seq_id"":312,""ref_end_seq_id"":434}],""Q15788"":[{""entity_beg_seq_id"":319,""ref_beg_seq_id"":678,""length"":33,""entity_end_seq_id"":351,""ref_end_seq_id"":710}]}","[""Homo sapiens""]",[9606],FUSION_OR_CHIMERA,"Project receptor's aligned entity-sequence range(s) [(8, 312)] and Q15788's range(s) [(319, 351)] overlap by only 0.0% — disjoint regions of the same chain, consistent with an engineered fusion/chimera construct."
8SVO_1,8SVO,1,O75469,PXR,Pregnane X receptor ligand binding domain fused to SRC-1 coactivator peptide,351,"[""O75469"",""Q15788""]",0.702765,0.868946,"{""O75469"":[{""entity_beg_seq_id"":8,""ref_beg_seq_id"":130,""length"":305,""entity_end_seq_id"":312,""ref_end_seq_id"":434}],""Q15788"":[{""entity_beg_seq_id"":319,""ref_beg_seq_id"":678,""length"":33,""entity_end_seq_id"":351,""ref_end_seq_id"":710}]}","[""Homo sapiens""]",[9606],FUSION_OR_CHIMERA,"Project receptor's aligned entity-sequence range(s) [(8, 312)] and Q15788's range(s) [(319, 351)] overlap by only 0.0% — disjoint regions of the same chain, consistent with an engineered fusion/chimera construct."
8SVP_1,8SVP,1,O75469,PXR,Pregnane X receptor ligand binding domain fused to SRC-1 coactivator peptide,351,"[""O75469"",""Q15788""]",0.702765,0.868946,"{""O75469"":[{""entity_beg_seq_id"":8,""ref_beg_seq_id"":130,""length"":305,""entity_end_seq_id"":312,""ref_end_seq_id"":434}],""Q15788"":[{""entity_beg_seq_id"":319,""ref_beg_seq_id"":678,""length"":33,""entity_end_seq_id"":351,""ref_end_seq_id"":710}]}","[""Homo sapiens""]",[9606],FUSION_OR_CHIMERA,"Project receptor's aligned entity-sequence range(s) [(8, 312)] and Q15788's range(s) [(319, 351)] overlap by only 0.0% — disjoint regions of the same chain, consistent with an engineered fusion/chimera construct."
8SVQ_1,8SVQ,1,O75469,PXR,Pregnane X receptor ligand binding domain fused to SRC-1 coactivator peptide,351,"[""O75469"",""Q15788""]",0.702765,0.868946,"{""O75469"":[{""entity_beg_seq_id"":8,""ref_beg_seq_id"":130,""length"":305,""entity_end_seq_id"":312,""ref_end_seq_id"":434}],""Q15788"":[{""entity_beg_seq_id"":319,""ref_beg_seq_id"":678,""length"":33,""entity_end_seq_id"":351,""ref_end_seq_id"":710}]}","[""Homo sapiens""]",[9606],FUSION_OR_CHIMERA,"Project receptor's aligned entity-sequence range(s) [(8, 312)] and Q15788's range(s) [(319, 351)] overlap by only 0.0% — disjoint regions of the same chain, consistent with an engineered fusion/chimera construct."
8SVR_1,8SVR,1,O75469,PXR,Pregnane X receptor ligand binding domain fused to SRC-1 coactivator peptide,351,"[""O75469"",""Q15788""]",0.702765,0.868946,"{""O75469"":[{""entity_beg_seq_id"":8,""ref_beg_seq_id"":130,""length"":305,""entity_end_seq_id"":312,""ref_end_seq_id"":434}],""Q15788"":[{""entity_beg_seq_id"":319,""ref_beg_seq_id"":678,""length"":33,""entity_end_seq_id"":351,""ref_end_seq_id"":710}]}","[""Homo sapiens""]",[9606],FUSION_OR_CHIMERA,"Project receptor's aligned entity-sequence range(s) [(8, 312)] and Q15788's range(s) [(319, 351)] overlap by only 0.0% — disjoint regions of the same chain, consistent with an engineered fusion/chimera construct."
8SVS_1,8SVS,1,O75469,PXR,"Nuclear receptor subfamily 1 group I member 2, Nuclear receptor coactivator 1 fusion protein,Nuclear receptor coactivator 1",351,"[""O75469"",""Q15788""]",0.702765,0.868946,"{""O75469"":[{""entity_beg_seq_id"":8,""ref_beg_seq_id"":130,""length"":305,""entity_end_seq_id"":312,""ref_end_seq_id"":434}],""Q15788"":[{""entity_beg_seq_id"":319,""ref_beg_seq_id"":678,""length"":33,""entity_end_seq_id"":351,""ref_end_seq_id"":710}]}","[""Homo sapiens""]",[9606],FUSION_OR_CHIMERA,"Project receptor's aligned entity-sequence range(s) [(8, 312)] and Q15788's range(s) [(319, 351)] overlap by only 0.0% — disjoint regions of the same chain, consistent with an engineered fusion/chimera construct."
8SVT_1,8SVT,1,O75469,PXR,"Nuclear receptor subfamily 1 group I member 2, Nuclear receptor coactivator 1 fusion protein,Nuclear receptor coactivator 1",351,"[""O75469"",""Q15788""]",0.702765,0.868946,"{""O75469"":[{""entity_beg_seq_id"":8,""ref_beg_seq_id"":130,""length"":305,""entity_end_seq_id"":312,""ref_end_seq_id"":434}],""Q15788"":[{""entity_beg_seq_id"":319,""ref_beg_seq_id"":678,""length"":33,""entity_end_seq_id"":351,""ref_end_seq_id"":710}]}","[""Homo sapiens""]",[9606],FUSION_OR_CHIMERA,"Project receptor's aligned entity-sequence range(s) [(8, 312)] and Q15788's range(s) [(319, 351)] overlap by only 0.0% — disjoint regions of the same chain, consistent with an engineered fusion/chimera construct."
8SVU_1,8SVU,1,O75469,PXR,"Nuclear receptor subfamily 1 group I member 2, Nuclear receptor coactivator 1 fusion protein,Nuclear receptor coactivator 1",351,"[""O75469"",""Q15788""]",0.702765,0.868946,"{""O75469"":[{""entity_beg_seq_id"":8,""ref_beg_seq_id"":130,""length"":305,""entity_end_seq_id"":312,""ref_end_seq_id"":434}],""Q15788"":[{""entity_beg_seq_id"":319,""ref_beg_seq_id"":678,""length"":33,""entity_end_seq_id"":351,""ref_end_seq_id"":710}]}","[""Homo sapiens""]",[9606],FUSION_OR_CHIMERA,"Project receptor's aligned entity-sequence range(s) [(8, 312)] and Q15788's range(s) [(319, 351)] overlap by only 0.0% — disjoint regions of the same chain, consistent with an engineered fusion/chimera construct."
8SVX_1,8SVX,1,O75469,PXR,"Nuclear receptor subfamily 1 group I member 2, Nuclear receptor coactivator 1 fusion protein,Nuclear receptor coactivator 1",351,"[""O75469"",""Q15788""]",0.702765,0.868946,"{""O75469"":[{""entity_beg_seq_id"":8,""ref_beg_seq_id"":130,""length"":305,""entity_end_seq_id"":312,""ref_end_seq_id"":434}],""Q15788"":[{""entity_beg_seq_id"":319,""ref_beg_seq_id"":678,""length"":33,""entity_end_seq_id"":351,""ref_end_seq_id"":710}]}","[""Homo sapiens""]",[9606],FUSION_OR_CHIMERA,"Project receptor's aligned entity-sequence range(s) [(8, 312)] and Q15788's range(s) [(319, 351)] overlap by only 0.0% — disjoint regions of the same chain, consistent with an engineered fusion/chimera construct."
9FZI_1,9FZI,1,O75469,PXR,"Nuclear receptor subfamily 1 group I member 2,Nuclear receptor coactivator 1",345,"[""O75469"",""Q15788""]",0.702765,0.884058,"{""O75469"":[{""entity_beg_seq_id"":12,""ref_beg_seq_id"":130,""length"":305,""entity_end_seq_id"":316,""ref_end_seq_id"":434}],""Q15788"":[{""entity_beg_seq_id"":323,""ref_beg_seq_id"":678,""length"":23,""entity_end_seq_id"":345,""ref_end_seq_id"":700}]}","[""Homo sapiens""]",[9606],FUSION_OR_CHIMERA,"Project receptor's aligned entity-sequence range(s) [(12, 316)] and Q15788's range(s) [(323, 345)] overlap by only 0.0% — disjoint regions of the same chain, consistent with an engineered fusion/chimera construct."
9O41_1,9O41,1,O75469,PXR,Pregnane X receptor ligand binding domain tethered to steroid receptor coactivator-1 peptide,355,"[""O75469"",""Q15788""]",0.702765,0.859155,"{""O75469"":[{""entity_beg_seq_id"":12,""ref_beg_seq_id"":130,""length"":305,""entity_end_seq_id"":316,""ref_end_seq_id"":434}],""Q15788"":[{""entity_beg_seq_id"":327,""ref_beg_seq_id"":682,""length"":29,""entity_end_seq_id"":355,""ref_end_seq_id"":710}]}","[""Homo sapiens""]",[9606],FUSION_OR_CHIMERA,"Project receptor's aligned entity-sequence range(s) [(12, 316)] and Q15788's range(s) [(327, 355)] overlap by only 0.0% — disjoint regions of the same chain, consistent with an engineered fusion/chimera construct."
9O42_1,9O42,1,O75469,PXR,Pregnane X receptor ligand binding domain tethered to steroid receptor coactivator-1 peptide,355,"[""O75469"",""Q15788""]",0.702765,0.859155,"{""O75469"":[{""entity_beg_seq_id"":12,""ref_beg_seq_id"":130,""length"":305,""entity_end_seq_id"":316,""ref_end_seq_id"":434}],""Q15788"":[{""entity_beg_seq_id"":327,""ref_beg_seq_id"":682,""length"":29,""entity_end_seq_id"":355,""ref_end_seq_id"":710}]}","[""Homo sapiens""]",[9606],FUSION_OR_CHIMERA,"Project receptor's aligned entity-sequence range(s) [(12, 316)] and Q15788's range(s) [(327, 355)] overlap by only 0.0% — disjoint regions of the same chain, consistent with an engineered fusion/chimera construct."
9O43_1,9O43,1,O75469,PXR,Pregnane X receptor ligand binding domain tethered to steroid receptor coactivator-1 peptide,355,"[""O75469"",""Q15788""]",0.702765,0.859155,"{""O75469"":[{""entity_beg_seq_id"":12,""ref_beg_seq_id"":130,""length"":305,""entity_end_seq_id"":316,""ref_end_seq_id"":434}],""Q15788"":[{""entity_beg_seq_id"":327,""ref_beg_seq_id"":682,""length"":29,""entity_end_seq_id"":355,""ref_end_seq_id"":710}]}","[""Homo sapiens""]",[9606],FUSION_OR_CHIMERA,"Project receptor's aligned entity-sequence range(s) [(12, 316)] and Q15788's range(s) [(327, 355)] overlap by only 0.0% — disjoint regions of the same chain, consistent with an engineered fusion/chimera construct."
9O44_1,9O44,1,O75469,PXR,Pregnane X receptor ligand binding domain tethered to steroid receptor coactivator-1 peptide,355,"[""O75469"",""Q15788""]",0.702765,0.859155,"{""O75469"":[{""entity_beg_seq_id"":12,""ref_beg_seq_id"":130,""length"":305,""entity_end_seq_id"":316,""ref_end_seq_id"":434}],""Q15788"":[{""entity_beg_seq_id"":327,""ref_beg_seq_id"":682,""length"":29,""entity_end_seq_id"":355,""ref_end_seq_id"":710}]}","[""Homo sapiens""]",[9606],FUSION_OR_CHIMERA,"Project receptor's aligned entity-sequence range(s) [(12, 316)] and Q15788's range(s) [(327, 355)] overlap by only 0.0% — disjoint regions of the same chain, consistent with an engineered fusion/chimera construct."
9O45_1,9O45,1,O75469,PXR,Pregnane X receptor ligand binding domain tethered to steroid receptor coactivator-1 peptide,355,"[""O75469"",""Q15788""]",0.702765,0.859155,"{""O75469"":[{""entity_beg_seq_id"":12,""ref_beg_seq_id"":130,""length"":305,""entity_end_seq_id"":316,""ref_end_seq_id"":434}],""Q15788"":[{""entity_beg_seq_id"":327,""ref_beg_seq_id"":682,""length"":29,""entity_end_seq_id"":355,""ref_end_seq_id"":710}]}","[""Homo sapiens""]",[9606],FUSION_OR_CHIMERA,"Project receptor's aligned entity-sequence range(s) [(12, 316)] and Q15788's range(s) [(327, 355)] overlap by only 0.0% — disjoint regions of the same chain, consistent with an engineered fusion/chimera construct."
9O46_1,9O46,1,O75469,PXR,Pregnane X receptor ligand binding domain tethered to steroid receptor coactivator-1 peptide,355,"[""O75469"",""Q15788""]",0.702765,0.859155,"{""O75469"":[{""entity_beg_seq_id"":12,""ref_beg_seq_id"":130,""length"":305,""entity_end_seq_id"":316,""ref_end_seq_id"":434}],""Q15788"":[{""entity_beg_seq_id"":327,""ref_beg_seq_id"":682,""length"":29,""entity_end_seq_id"":355,""ref_end_seq_id"":710}]}","[""Homo sapiens""]",[9606],FUSION_OR_CHIMERA,"Project receptor's aligned entity-sequence range(s) [(12, 316)] and Q15788's range(s) [(327, 355)] overlap by only 0.0% — disjoint regions of the same chain, consistent with an engineered fusion/chimera construct."
9VBR_1,9VBR,1,Q96RI1,FXR,"Bile acid receptor,Nuclear receptor coactivator 1",260,"[""Q15788"",""Q96RI1""]",0.471193,0.880769,"{""Q96RI1"":[{""entity_beg_seq_id"":11,""ref_beg_seq_id"":257,""length"":229,""entity_end_seq_id"":239,""ref_end_seq_id"":485}],""Q15788"":[{""entity_beg_seq_id"":249,""ref_beg_seq_id"":745,""length"":12,""entity_end_seq_id"":260,""ref_end_seq_id"":756}]}","[""Homo sapiens""]",[9606],FUSION_OR_CHIMERA,"Project receptor's aligned entity-sequence range(s) [(11, 239)] and Q15788's range(s) [(249, 260)] overlap by only 0.0% — disjoint regions of the same chain, consistent with an engineered fusion/chimera construct."
