anomaly_type,uniprot_id,nr_code,pdb_id,polymer_entity_id,details,review_status
ENTITY_MULTI_MAPPED_UNIPROT,"[""O75469"",""Q15788""]",,3CTB,3CTB_1,"Entity maps to multiple UniProt accessions: ['O75469', 'Q15788']. See rcsb_multi_uniprot_entity_audit.csv for the evidence-based classification (fusion/chimera vs. same-protein vs. ambiguous).",REVIEW_NEEDED
ENTITY_MULTI_MAPPED_UNIPROT,"[""O75469"",""Q15788""]",,3HVL,3HVL_1,"Entity maps to multiple UniProt accessions: ['O75469', 'Q15788']. See rcsb_multi_uniprot_entity_audit.csv for the evidence-based classification (fusion/chimera vs. same-protein vs. ambiguous).",REVIEW_NEEDED
ENTITY_MULTI_MAPPED_UNIPROT,"[""P19793"",""Q15788""]",,4J5X,4J5X_1,"Entity maps to multiple UniProt accessions: ['P19793', 'Q15788']. See rcsb_multi_uniprot_entity_audit.csv for the evidence-based classification (fusion/chimera vs. same-protein vs. ambiguous).",REVIEW_NEEDED
ENTITY_MULTI_MAPPED_UNIPROT,"[""O75469"",""Q15788""]",,4J5X,4J5X_2,"Entity maps to multiple UniProt accessions: ['O75469', 'Q15788']. See rcsb_multi_uniprot_entity_audit.csv for the evidence-based classification (fusion/chimera vs. same-protein vs. ambiguous).",REVIEW_NEEDED
ENTITY_MULTI_MAPPED_UNIPROT,"[""P0AEX9"",""Q9Y5X4""]",,4LOG,4LOG_1,"Entity maps to multiple UniProt accessions: ['P0AEX9', 'Q9Y5X4']. See rcsb_multi_uniprot_entity_audit.csv for the evidence-based classification (fusion/chimera vs. same-protein vs. ambiguous).",REVIEW_NEEDED
ENTITY_MULTI_MAPPED_UNIPROT,"[""P0AEY0"",""Q9Y466""]",,4XAJ,4XAJ_1,"Entity maps to multiple UniProt accessions: ['P0AEY0', 'Q9Y466']. See rcsb_multi_uniprot_entity_audit.csv for the evidence-based classification (fusion/chimera vs. same-protein vs. ambiguous).",REVIEW_NEEDED
ENTITY_MULTI_MAPPED_UNIPROT,"[""P55055"",""Q15596""]",,5I4V,5I4V_1,"Entity maps to multiple UniProt accessions: ['P55055', 'Q15596']. See rcsb_multi_uniprot_entity_audit.csv for the evidence-based classification (fusion/chimera vs. same-protein vs. ambiguous).",REVIEW_NEEDED
ENTITY_MULTI_MAPPED_UNIPROT,"[""P28702"",""Q15596""]",,5I4V,5I4V_2,"Entity maps to multiple UniProt accessions: ['P28702', 'Q15596']. See rcsb_multi_uniprot_entity_audit.csv for the evidence-based classification (fusion/chimera vs. same-protein vs. ambiguous).",REVIEW_NEEDED
ENTITY_MULTI_MAPPED_UNIPROT,"[""P51449"",""Q15596""]",,5VB3,5VB3_1,"Entity maps to multiple UniProt accessions: ['P51449', 'Q15596']. See rcsb_multi_uniprot_entity_audit.csv for the evidence-based classification (fusion/chimera vs. same-protein vs. ambiguous).",REVIEW_NEEDED
ENTITY_MULTI_MAPPED_UNIPROT,"[""P51449"",""Q15596""]",,5VB5,5VB5_1,"Entity maps to multiple UniProt accessions: ['P51449', 'Q15596']. See rcsb_multi_uniprot_entity_audit.csv for the evidence-based classification (fusion/chimera vs. same-protein vs. ambiguous).",REVIEW_NEEDED
ENTITY_MULTI_MAPPED_UNIPROT,"[""P51449"",""Q15596""]",,5VB6,5VB6_1,"Entity maps to multiple UniProt accessions: ['P51449', 'Q15596']. See rcsb_multi_uniprot_entity_audit.csv for the evidence-based classification (fusion/chimera vs. same-protein vs. ambiguous).",REVIEW_NEEDED
ENTITY_MULTI_MAPPED_UNIPROT,"[""P51449"",""Q15596""]",,5VB7,5VB7_1,"Entity maps to multiple UniProt accessions: ['P51449', 'Q15596']. See rcsb_multi_uniprot_entity_audit.csv for the evidence-based classification (fusion/chimera vs. same-protein vs. ambiguous).",REVIEW_NEEDED
ENTITY_MULTI_MAPPED_UNIPROT,"[""P51449"",""Q15596""]",,5VQK,5VQK_1,"Entity maps to multiple UniProt accessions: ['P51449', 'Q15596']. See rcsb_multi_uniprot_entity_audit.csv for the evidence-based classification (fusion/chimera vs. same-protein vs. ambiguous).",REVIEW_NEEDED
ENTITY_MULTI_MAPPED_UNIPROT,"[""P51449"",""Q15596""]",,5VQL,5VQL_1,"Entity maps to multiple UniProt accessions: ['P51449', 'Q15596']. See rcsb_multi_uniprot_entity_audit.csv for the evidence-based classification (fusion/chimera vs. same-protein vs. ambiguous).",REVIEW_NEEDED
ENTITY_MULTI_MAPPED_UNIPROT,"[""O75469"",""Q15788""]",,6BNS,6BNS_1,"Entity maps to multiple UniProt accessions: ['O75469', 'Q15788']. See rcsb_multi_uniprot_entity_audit.csv for the evidence-based classification (fusion/chimera vs. same-protein vs. ambiguous).",REVIEW_NEEDED
ENTITY_MULTI_MAPPED_UNIPROT,"[""O75469"",""Q15788""]",,6HTY,6HTY_1,"Entity maps to multiple UniProt accessions: ['O75469', 'Q15788']. See rcsb_multi_uniprot_entity_audit.csv for the evidence-based classification (fusion/chimera vs. same-protein vs. ambiguous).",REVIEW_NEEDED
ENTITY_MULTI_MAPPED_UNIPROT,"[""O75469"",""Q15788""]",,6NX1,6NX1_1,"Entity maps to multiple UniProt accessions: ['O75469', 'Q15788']. See rcsb_multi_uniprot_entity_audit.csv for the evidence-based classification (fusion/chimera vs. same-protein vs. ambiguous).",REVIEW_NEEDED
ENTITY_MULTI_MAPPED_UNIPROT,"[""P51449"",""Q15788""]",,6P9F,6P9F_1,"Entity maps to multiple UniProt accessions: ['P51449', 'Q15788']. See rcsb_multi_uniprot_entity_audit.csv for the evidence-based classification (fusion/chimera vs. same-protein vs. ambiguous).",REVIEW_NEEDED
ENTITY_MULTI_MAPPED_UNIPROT,"[""O75469"",""Q15788""]",,6TFI,6TFI_1,"Entity maps to multiple UniProt accessions: ['O75469', 'Q15788']. See rcsb_multi_uniprot_entity_audit.csv for the evidence-based classification (fusion/chimera vs. same-protein vs. ambiguous).",REVIEW_NEEDED
ENTITY_MULTI_MAPPED_UNIPROT,"[""P51449"",""Q15788""]",,6U25,6U25_1,"Entity maps to multiple UniProt accessions: ['P51449', 'Q15788']. See rcsb_multi_uniprot_entity_audit.csv for the evidence-based classification (fusion/chimera vs. same-protein vs. ambiguous).",REVIEW_NEEDED
ENTITY_MULTI_MAPPED_UNIPROT,"[""P51449"",""Q15788""]",,6W9H,6W9H_1,"Entity maps to multiple UniProt accessions: ['P51449', 'Q15788']. See rcsb_multi_uniprot_entity_audit.csv for the evidence-based classification (fusion/chimera vs. same-protein vs. ambiguous).",REVIEW_NEEDED
ENTITY_MULTI_MAPPED_UNIPROT,"[""P51449"",""Q15788""]",,6W9I,6W9I_1,"Entity maps to multiple UniProt accessions: ['P51449', 'Q15788']. See rcsb_multi_uniprot_entity_audit.csv for the evidence-based classification (fusion/chimera vs. same-protein vs. ambiguous).",REVIEW_NEEDED
ENTITY_MULTI_MAPPED_UNIPROT,"[""O75469"",""Q15788""]",,6XP9,6XP9_1,"Entity maps to multiple UniProt accessions: ['O75469', 'Q15788']. See rcsb_multi_uniprot_entity_audit.csv for the evidence-based classification (fusion/chimera vs. same-protein vs. ambiguous).",REVIEW_NEEDED
ENTITY_MULTI_MAPPED_UNIPROT,"[""P51449"",""Q15788""]",,7JYM,7JYM_1,"Entity maps to multiple UniProt accessions: ['P51449', 'Q15788']. See rcsb_multi_uniprot_entity_audit.csv for the evidence-based classification (fusion/chimera vs. same-protein vs. ambiguous).",REVIEW_NEEDED
ENTITY_MULTI_MAPPED_UNIPROT,"[""P51449"",""Q15788""]",,7KXD,7KXD_1,"Entity maps to multiple UniProt accessions: ['P51449', 'Q15788']. See rcsb_multi_uniprot_entity_audit.csv for the evidence-based classification (fusion/chimera vs. same-protein vs. ambiguous).",REVIEW_NEEDED
ENTITY_MULTI_MAPPED_UNIPROT,"[""P51449"",""Q15788""]",,7KXE,7KXE_1,"Entity maps to multiple UniProt accessions: ['P51449', 'Q15788']. See rcsb_multi_uniprot_entity_audit.csv for the evidence-based classification (fusion/chimera vs. same-protein vs. ambiguous).",REVIEW_NEEDED
ENTITY_MULTI_MAPPED_UNIPROT,"[""P51449"",""Q15788""]",,7KXF,7KXF_1,"Entity maps to multiple UniProt accessions: ['P51449', 'Q15788']. See rcsb_multi_uniprot_entity_audit.csv for the evidence-based classification (fusion/chimera vs. same-protein vs. ambiguous).",REVIEW_NEEDED
ENTITY_MULTI_MAPPED_UNIPROT,"[""O75469"",""Q15788""]",,7YFK,7YFK_1,"Entity maps to multiple UniProt accessions: ['O75469', 'Q15788']. See rcsb_multi_uniprot_entity_audit.csv for the evidence-based classification (fusion/chimera vs. same-protein vs. ambiguous).",REVIEW_NEEDED
ENTITY_MULTI_MAPPED_UNIPROT,"[""P0AEX9"",""P10588""]",,8C5L,8C5L_1,"Entity maps to multiple UniProt accessions: ['P0AEX9', 'P10588']. See rcsb_multi_uniprot_entity_audit.csv for the evidence-based classification (fusion/chimera vs. same-protein vs. ambiguous).",REVIEW_NEEDED
ENTITY_MULTI_MAPPED_UNIPROT,"[""O75469"",""Q15788""]",,8SVN,8SVN_1,"Entity maps to multiple UniProt accessions: ['O75469', 'Q15788']. See rcsb_multi_uniprot_entity_audit.csv for the evidence-based classification (fusion/chimera vs. same-protein vs. ambiguous).",REVIEW_NEEDED
ENTITY_MULTI_MAPPED_UNIPROT,"[""O75469"",""Q15788""]",,8SVO,8SVO_1,"Entity maps to multiple UniProt accessions: ['O75469', 'Q15788']. See rcsb_multi_uniprot_entity_audit.csv for the evidence-based classification (fusion/chimera vs. same-protein vs. ambiguous).",REVIEW_NEEDED
ENTITY_MULTI_MAPPED_UNIPROT,"[""O75469"",""Q15788""]",,8SVP,8SVP_1,"Entity maps to multiple UniProt accessions: ['O75469', 'Q15788']. See rcsb_multi_uniprot_entity_audit.csv for the evidence-based classification (fusion/chimera vs. same-protein vs. ambiguous).",REVIEW_NEEDED
ENTITY_MULTI_MAPPED_UNIPROT,"[""O75469"",""Q15788""]",,8SVQ,8SVQ_1,"Entity maps to multiple UniProt accessions: ['O75469', 'Q15788']. See rcsb_multi_uniprot_entity_audit.csv for the evidence-based classification (fusion/chimera vs. same-protein vs. ambiguous).",REVIEW_NEEDED
ENTITY_MULTI_MAPPED_UNIPROT,"[""O75469"",""Q15788""]",,8SVR,8SVR_1,"Entity maps to multiple UniProt accessions: ['O75469', 'Q15788']. See rcsb_multi_uniprot_entity_audit.csv for the evidence-based classification (fusion/chimera vs. same-protein vs. ambiguous).",REVIEW_NEEDED
ENTITY_MULTI_MAPPED_UNIPROT,"[""O75469"",""Q15788""]",,8SVS,8SVS_1,"Entity maps to multiple UniProt accessions: ['O75469', 'Q15788']. See rcsb_multi_uniprot_entity_audit.csv for the evidence-based classification (fusion/chimera vs. same-protein vs. ambiguous).",REVIEW_NEEDED
ENTITY_MULTI_MAPPED_UNIPROT,"[""O75469"",""Q15788""]",,8SVT,8SVT_1,"Entity maps to multiple UniProt accessions: ['O75469', 'Q15788']. See rcsb_multi_uniprot_entity_audit.csv for the evidence-based classification (fusion/chimera vs. same-protein vs. ambiguous).",REVIEW_NEEDED
ENTITY_MULTI_MAPPED_UNIPROT,"[""O75469"",""Q15788""]",,8SVU,8SVU_1,"Entity maps to multiple UniProt accessions: ['O75469', 'Q15788']. See rcsb_multi_uniprot_entity_audit.csv for the evidence-based classification (fusion/chimera vs. same-protein vs. ambiguous).",REVIEW_NEEDED
ENTITY_MULTI_MAPPED_UNIPROT,"[""O75469"",""Q15788""]",,8SVX,8SVX_1,"Entity maps to multiple UniProt accessions: ['O75469', 'Q15788']. See rcsb_multi_uniprot_entity_audit.csv for the evidence-based classification (fusion/chimera vs. same-protein vs. ambiguous).",REVIEW_NEEDED
ENTITY_MULTI_MAPPED_UNIPROT,"[""O75469"",""Q15788""]",,9FZI,9FZI_1,"Entity maps to multiple UniProt accessions: ['O75469', 'Q15788']. See rcsb_multi_uniprot_entity_audit.csv for the evidence-based classification (fusion/chimera vs. same-protein vs. ambiguous).",REVIEW_NEEDED
ENTITY_MULTI_MAPPED_UNIPROT,"[""O75469"",""Q15788""]",,9O41,9O41_1,"Entity maps to multiple UniProt accessions: ['O75469', 'Q15788']. See rcsb_multi_uniprot_entity_audit.csv for the evidence-based classification (fusion/chimera vs. same-protein vs. ambiguous).",REVIEW_NEEDED
ENTITY_MULTI_MAPPED_UNIPROT,"[""O75469"",""Q15788""]",,9O42,9O42_1,"Entity maps to multiple UniProt accessions: ['O75469', 'Q15788']. See rcsb_multi_uniprot_entity_audit.csv for the evidence-based classification (fusion/chimera vs. same-protein vs. ambiguous).",REVIEW_NEEDED
ENTITY_MULTI_MAPPED_UNIPROT,"[""O75469"",""Q15788""]",,9O43,9O43_1,"Entity maps to multiple UniProt accessions: ['O75469', 'Q15788']. See rcsb_multi_uniprot_entity_audit.csv for the evidence-based classification (fusion/chimera vs. same-protein vs. ambiguous).",REVIEW_NEEDED
ENTITY_MULTI_MAPPED_UNIPROT,"[""O75469"",""Q15788""]",,9O44,9O44_1,"Entity maps to multiple UniProt accessions: ['O75469', 'Q15788']. See rcsb_multi_uniprot_entity_audit.csv for the evidence-based classification (fusion/chimera vs. same-protein vs. ambiguous).",REVIEW_NEEDED
ENTITY_MULTI_MAPPED_UNIPROT,"[""O75469"",""Q15788""]",,9O45,9O45_1,"Entity maps to multiple UniProt accessions: ['O75469', 'Q15788']. See rcsb_multi_uniprot_entity_audit.csv for the evidence-based classification (fusion/chimera vs. same-protein vs. ambiguous).",REVIEW_NEEDED
ENTITY_MULTI_MAPPED_UNIPROT,"[""O75469"",""Q15788""]",,9O46,9O46_1,"Entity maps to multiple UniProt accessions: ['O75469', 'Q15788']. See rcsb_multi_uniprot_entity_audit.csv for the evidence-based classification (fusion/chimera vs. same-protein vs. ambiguous).",REVIEW_NEEDED
ENTITY_MULTI_MAPPED_UNIPROT,"[""Q15788"",""Q96RI1""]",,9VBR,9VBR_1,"Entity maps to multiple UniProt accessions: ['Q15788', 'Q96RI1']. See rcsb_multi_uniprot_entity_audit.csv for the evidence-based classification (fusion/chimera vs. same-protein vs. ambiguous).",REVIEW_NEEDED
PDB_ENTRY_MULTIPLE_PROJECT_RECEPTORS,"[""P10276"",""P19793""]",,1DSZ,,"PDB entry 1DSZ contains polymer entities mapped to 2 distinct project receptors: ['P10276', 'P19793']. This is entry-level co-occurrence of separate polymer entities — NOT the same as one polymer entity mapping to multiple UniProt accessions (see ENTITY_MULTI_MAPPED_UNIPROT rows). No physical interaction/heterodimerization is claimed here beyond co-occurrence in the same deposited entry; that would require examining assembly-level contacts, which this stage does not do.",REVIEW_NEEDED
PDB_ENTRY_MULTIPLE_PROJECT_RECEPTORS,"[""P19793"",""P37231""]",,1FM6,,"PDB entry 1FM6 contains polymer entities mapped to 2 distinct project receptors: ['P19793', 'P37231']. This is entry-level co-occurrence of separate polymer entities — NOT the same as one polymer entity mapping to multiple UniProt accessions (see ENTITY_MULTI_MAPPED_UNIPROT rows). No physical interaction/heterodimerization is claimed here beyond co-occurrence in the same deposited entry; that would require examining assembly-level contacts, which this stage does not do.",REVIEW_NEEDED
PDB_ENTRY_MULTIPLE_PROJECT_RECEPTORS,"[""P19793"",""P37231""]",,1FM9,,"PDB entry 1FM9 contains polymer entities mapped to 2 distinct project receptors: ['P19793', 'P37231']. This is entry-level co-occurrence of separate polymer entities — NOT the same as one polymer entity mapping to multiple UniProt accessions (see ENTITY_MULTI_MAPPED_UNIPROT rows). No physical interaction/heterodimerization is claimed here beyond co-occurrence in the same deposited entry; that would require examining assembly-level contacts, which this stage does not do.",REVIEW_NEEDED
PDB_ENTRY_MULTIPLE_PROJECT_RECEPTORS,"[""P19793"",""P37231""]",,1K74,,"PDB entry 1K74 contains polymer entities mapped to 2 distinct project receptors: ['P19793', 'P37231']. This is entry-level co-occurrence of separate polymer entities — NOT the same as one polymer entity mapping to multiple UniProt accessions (see ENTITY_MULTI_MAPPED_UNIPROT rows). No physical interaction/heterodimerization is claimed here beyond co-occurrence in the same deposited entry; that would require examining assembly-level contacts, which this stage does not do.",REVIEW_NEEDED
PDB_ENTRY_MULTIPLE_PROJECT_RECEPTORS,"[""P19793"",""P37231""]",,1RDT,,"PDB entry 1RDT contains polymer entities mapped to 2 distinct project receptors: ['P19793', 'P37231']. This is entry-level co-occurrence of separate polymer entities — NOT the same as one polymer entity mapping to multiple UniProt accessions (see ENTITY_MULTI_MAPPED_UNIPROT rows). No physical interaction/heterodimerization is claimed here beyond co-occurrence in the same deposited entry; that would require examining assembly-level contacts, which this stage does not do.",REVIEW_NEEDED
PDB_ENTRY_MULTIPLE_PROJECT_RECEPTORS,"[""P28702"",""Q13133""]",,1UHL,,"PDB entry 1UHL contains polymer entities mapped to 2 distinct project receptors: ['P28702', 'Q13133']. This is entry-level co-occurrence of separate polymer entities — NOT the same as one polymer entity mapping to multiple UniProt accessions (see ENTITY_MULTI_MAPPED_UNIPROT rows). No physical interaction/heterodimerization is claimed here beyond co-occurrence in the same deposited entry; that would require examining assembly-level contacts, which this stage does not do.",REVIEW_NEEDED
PDB_ENTRY_MULTIPLE_PROJECT_RECEPTORS,"[""P19793"",""Q14994""]",,1XV9,,"PDB entry 1XV9 contains polymer entities mapped to 2 distinct project receptors: ['P19793', 'Q14994']. This is entry-level co-occurrence of separate polymer entities — NOT the same as one polymer entity mapping to multiple UniProt accessions (see ENTITY_MULTI_MAPPED_UNIPROT rows). No physical interaction/heterodimerization is claimed here beyond co-occurrence in the same deposited entry; that would require examining assembly-level contacts, which this stage does not do.",REVIEW_NEEDED
PDB_ENTRY_MULTIPLE_PROJECT_RECEPTORS,"[""P19793"",""Q14994""]",,1XVP,,"PDB entry 1XVP contains polymer entities mapped to 2 distinct project receptors: ['P19793', 'Q14994']. This is entry-level co-occurrence of separate polymer entities — NOT the same as one polymer entity mapping to multiple UniProt accessions (see ENTITY_MULTI_MAPPED_UNIPROT rows). No physical interaction/heterodimerization is claimed here beyond co-occurrence in the same deposited entry; that would require examining assembly-level contacts, which this stage does not do.",REVIEW_NEEDED
PDB_ENTRY_MULTIPLE_PROJECT_RECEPTORS,"[""P11473"",""P19793""]",,1YNW,,"PDB entry 1YNW contains polymer entities mapped to 2 distinct project receptors: ['P11473', 'P19793']. This is entry-level co-occurrence of separate polymer entities — NOT the same as one polymer entity mapping to multiple UniProt accessions (see ENTITY_MULTI_MAPPED_UNIPROT rows). No physical interaction/heterodimerization is claimed here beyond co-occurrence in the same deposited entry; that would require examining assembly-level contacts, which this stage does not do.",REVIEW_NEEDED
PDB_ENTRY_MULTIPLE_PROJECT_RECEPTORS,"[""O00482"",""Q15466""]",,1YUC,,"PDB entry 1YUC contains polymer entities mapped to 2 distinct project receptors: ['O00482', 'Q15466']. This is entry-level co-occurrence of separate polymer entities — NOT the same as one polymer entity mapping to multiple UniProt accessions (see ENTITY_MULTI_MAPPED_UNIPROT rows). No physical interaction/heterodimerization is claimed here beyond co-occurrence in the same deposited entry; that would require examining assembly-level contacts, which this stage does not do.",REVIEW_NEEDED
PDB_ENTRY_MULTIPLE_PROJECT_RECEPTORS,"[""P10828"",""P19793""]",,2NLL,,"PDB entry 2NLL contains polymer entities mapped to 2 distinct project receptors: ['P10828', 'P19793']. This is entry-level co-occurrence of separate polymer entities — NOT the same as one polymer entity mapping to multiple UniProt accessions (see ENTITY_MULTI_MAPPED_UNIPROT rows). No physical interaction/heterodimerization is claimed here beyond co-occurrence in the same deposited entry; that would require examining assembly-level contacts, which this stage does not do.",REVIEW_NEEDED
PDB_ENTRY_MULTIPLE_PROJECT_RECEPTORS,"[""P10275"",""Q15466""]",,2Z4J,,"PDB entry 2Z4J contains polymer entities mapped to 2 distinct project receptors: ['P10275', 'Q15466']. This is entry-level co-occurrence of separate polymer entities — NOT the same as one polymer entity mapping to multiple UniProt accessions (see ENTITY_MULTI_MAPPED_UNIPROT rows). No physical interaction/heterodimerization is claimed here beyond co-occurrence in the same deposited entry; that would require examining assembly-level contacts, which this stage does not do.",REVIEW_NEEDED
PDB_ENTRY_MULTIPLE_PROJECT_RECEPTORS,"[""P19793"",""P37231""]",,3DZU,,"PDB entry 3DZU contains polymer entities mapped to 2 distinct project receptors: ['P19793', 'P37231']. This is entry-level co-occurrence of separate polymer entities — NOT the same as one polymer entity mapping to multiple UniProt accessions (see ENTITY_MULTI_MAPPED_UNIPROT rows). No physical interaction/heterodimerization is claimed here beyond co-occurrence in the same deposited entry; that would require examining assembly-level contacts, which this stage does not do.",REVIEW_NEEDED
PDB_ENTRY_MULTIPLE_PROJECT_RECEPTORS,"[""P19793"",""P37231""]",,3DZY,,"PDB entry 3DZY contains polymer entities mapped to 2 distinct project receptors: ['P19793', 'P37231']. This is entry-level co-occurrence of separate polymer entities — NOT the same as one polymer entity mapping to multiple UniProt accessions (see ENTITY_MULTI_MAPPED_UNIPROT rows). No physical interaction/heterodimerization is claimed here beyond co-occurrence in the same deposited entry; that would require examining assembly-level contacts, which this stage does not do.",REVIEW_NEEDED
PDB_ENTRY_MULTIPLE_PROJECT_RECEPTORS,"[""P19793"",""P37231""]",,3E00,,"PDB entry 3E00 contains polymer entities mapped to 2 distinct project receptors: ['P19793', 'P37231']. This is entry-level co-occurrence of separate polymer entities — NOT the same as one polymer entity mapping to multiple UniProt accessions (see ENTITY_MULTI_MAPPED_UNIPROT rows). No physical interaction/heterodimerization is claimed here beyond co-occurrence in the same deposited entry; that would require examining assembly-level contacts, which this stage does not do.",REVIEW_NEEDED
PDB_ENTRY_MULTIPLE_PROJECT_RECEPTORS,"[""P19793"",""P37231""]",,3H0A,,"PDB entry 3H0A contains polymer entities mapped to 2 distinct project receptors: ['P19793', 'P37231']. This is entry-level co-occurrence of separate polymer entities — NOT the same as one polymer entity mapping to multiple UniProt accessions (see ENTITY_MULTI_MAPPED_UNIPROT rows). No physical interaction/heterodimerization is claimed here beyond co-occurrence in the same deposited entry; that would require examining assembly-level contacts, which this stage does not do.",REVIEW_NEEDED
PDB_ENTRY_MULTIPLE_PROJECT_RECEPTORS,"[""O00482"",""Q15466""]",,4DOR,,"PDB entry 4DOR contains polymer entities mapped to 2 distinct project receptors: ['O00482', 'Q15466']. This is entry-level co-occurrence of separate polymer entities — NOT the same as one polymer entity mapping to multiple UniProt accessions (see ENTITY_MULTI_MAPPED_UNIPROT rows). No physical interaction/heterodimerization is claimed here beyond co-occurrence in the same deposited entry; that would require examining assembly-level contacts, which this stage does not do.",REVIEW_NEEDED
PDB_ENTRY_MULTIPLE_PROJECT_RECEPTORS,"[""O75469"",""P19793""]",,4J5W,,"PDB entry 4J5W contains polymer entities mapped to 2 distinct project receptors: ['O75469', 'P19793']. This is entry-level co-occurrence of separate polymer entities — NOT the same as one polymer entity mapping to multiple UniProt accessions (see ENTITY_MULTI_MAPPED_UNIPROT rows). No physical interaction/heterodimerization is claimed here beyond co-occurrence in the same deposited entry; that would require examining assembly-level contacts, which this stage does not do.",REVIEW_NEEDED
PDB_ENTRY_MULTIPLE_PROJECT_RECEPTORS,"[""O75469"",""P19793""]",,4J5X,,"PDB entry 4J5X contains polymer entities mapped to 2 distinct project receptors: ['O75469', 'P19793']. This is entry-level co-occurrence of separate polymer entities — NOT the same as one polymer entity mapping to multiple UniProt accessions (see ENTITY_MULTI_MAPPED_UNIPROT rows). No physical interaction/heterodimerization is claimed here beyond co-occurrence in the same deposited entry; that would require examining assembly-level contacts, which this stage does not do.",REVIEW_NEEDED
PDB_ENTRY_MULTIPLE_PROJECT_RECEPTORS,"[""P19793"",""P55055""]",,4NQA,,"PDB entry 4NQA contains polymer entities mapped to 2 distinct project receptors: ['P19793', 'P55055']. This is entry-level co-occurrence of separate polymer entities — NOT the same as one polymer entity mapping to multiple UniProt accessions (see ENTITY_MULTI_MAPPED_UNIPROT rows). No physical interaction/heterodimerization is claimed here beyond co-occurrence in the same deposited entry; that would require examining assembly-level contacts, which this stage does not do.",REVIEW_NEEDED
PDB_ENTRY_MULTIPLE_PROJECT_RECEPTORS,"[""O00482"",""Q15466""]",,4ONI,,"PDB entry 4ONI contains polymer entities mapped to 2 distinct project receptors: ['O00482', 'Q15466']. This is entry-level co-occurrence of separate polymer entities — NOT the same as one polymer entity mapping to multiple UniProt accessions (see ENTITY_MULTI_MAPPED_UNIPROT rows). No physical interaction/heterodimerization is claimed here beyond co-occurrence in the same deposited entry; that would require examining assembly-level contacts, which this stage does not do.",REVIEW_NEEDED
PDB_ENTRY_MULTIPLE_PROJECT_RECEPTORS,"[""O00482"",""P51843""]",,4RWV,,"PDB entry 4RWV contains polymer entities mapped to 2 distinct project receptors: ['O00482', 'P51843']. This is entry-level co-occurrence of separate polymer entities — NOT the same as one polymer entity mapping to multiple UniProt accessions (see ENTITY_MULTI_MAPPED_UNIPROT rows). No physical interaction/heterodimerization is claimed here beyond co-occurrence in the same deposited entry; that would require examining assembly-level contacts, which this stage does not do.",REVIEW_NEEDED
PDB_ENTRY_MULTIPLE_PROJECT_RECEPTORS,"[""P10828"",""P19793""]",,4ZO1,,"PDB entry 4ZO1 contains polymer entities mapped to 2 distinct project receptors: ['P10828', 'P19793']. This is entry-level co-occurrence of separate polymer entities — NOT the same as one polymer entity mapping to multiple UniProt accessions (see ENTITY_MULTI_MAPPED_UNIPROT rows). No physical interaction/heterodimerization is claimed here beyond co-occurrence in the same deposited entry; that would require examining assembly-level contacts, which this stage does not do.",REVIEW_NEEDED
PDB_ENTRY_MULTIPLE_PROJECT_RECEPTORS,"[""P28702"",""P55055""]",,5HJP,,"PDB entry 5HJP contains polymer entities mapped to 2 distinct project receptors: ['P28702', 'P55055']. This is entry-level co-occurrence of separate polymer entities — NOT the same as one polymer entity mapping to multiple UniProt accessions (see ENTITY_MULTI_MAPPED_UNIPROT rows). No physical interaction/heterodimerization is claimed here beyond co-occurrence in the same deposited entry; that would require examining assembly-level contacts, which this stage does not do.",REVIEW_NEEDED
PDB_ENTRY_MULTIPLE_PROJECT_RECEPTORS,"[""P28702"",""P55055""]",,5I4V,,"PDB entry 5I4V contains polymer entities mapped to 2 distinct project receptors: ['P28702', 'P55055']. This is entry-level co-occurrence of separate polymer entities — NOT the same as one polymer entity mapping to multiple UniProt accessions (see ENTITY_MULTI_MAPPED_UNIPROT rows). No physical interaction/heterodimerization is claimed here beyond co-occurrence in the same deposited entry; that would require examining assembly-level contacts, which this stage does not do.",REVIEW_NEEDED
PDB_ENTRY_MULTIPLE_PROJECT_RECEPTORS,"[""P19793"",""P37231""]",,5JI0,,"PDB entry 5JI0 contains polymer entities mapped to 2 distinct project receptors: ['P19793', 'P37231']. This is entry-level co-occurrence of separate polymer entities — NOT the same as one polymer entity mapping to multiple UniProt accessions (see ENTITY_MULTI_MAPPED_UNIPROT rows). No physical interaction/heterodimerization is claimed here beyond co-occurrence in the same deposited entry; that would require examining assembly-level contacts, which this stage does not do.",REVIEW_NEEDED
PDB_ENTRY_MULTIPLE_PROJECT_RECEPTORS,"[""P28702"",""P55055""]",,5KYA,,"PDB entry 5KYA contains polymer entities mapped to 2 distinct project receptors: ['P28702', 'P55055']. This is entry-level co-occurrence of separate polymer entities — NOT the same as one polymer entity mapping to multiple UniProt accessions (see ENTITY_MULTI_MAPPED_UNIPROT rows). No physical interaction/heterodimerization is claimed here beyond co-occurrence in the same deposited entry; that would require examining assembly-level contacts, which this stage does not do.",REVIEW_NEEDED
PDB_ENTRY_MULTIPLE_PROJECT_RECEPTORS,"[""P28702"",""P55055""]",,5KYJ,,"PDB entry 5KYJ contains polymer entities mapped to 2 distinct project receptors: ['P28702', 'P55055']. This is entry-level co-occurrence of separate polymer entities — NOT the same as one polymer entity mapping to multiple UniProt accessions (see ENTITY_MULTI_MAPPED_UNIPROT rows). No physical interaction/heterodimerization is claimed here beyond co-occurrence in the same deposited entry; that would require examining assembly-level contacts, which this stage does not do.",REVIEW_NEEDED
PDB_ENTRY_MULTIPLE_PROJECT_RECEPTORS,"[""P10826"",""P19793""]",,5UAN,,"PDB entry 5UAN contains polymer entities mapped to 2 distinct project receptors: ['P10826', 'P19793']. This is entry-level co-occurrence of separate polymer entities — NOT the same as one polymer entity mapping to multiple UniProt accessions (see ENTITY_MULTI_MAPPED_UNIPROT rows). No physical interaction/heterodimerization is claimed here beyond co-occurrence in the same deposited entry; that would require examining assembly-level contacts, which this stage does not do.",REVIEW_NEEDED
PDB_ENTRY_MULTIPLE_PROJECT_RECEPTORS,"[""P19793"",""Q96RI1""]",,5Z12,,"PDB entry 5Z12 contains polymer entities mapped to 2 distinct project receptors: ['P19793', 'Q96RI1']. This is entry-level co-occurrence of separate polymer entities — NOT the same as one polymer entity mapping to multiple UniProt accessions (see ENTITY_MULTI_MAPPED_UNIPROT rows). No physical interaction/heterodimerization is claimed here beyond co-occurrence in the same deposited entry; that would require examining assembly-level contacts, which this stage does not do.",REVIEW_NEEDED
PDB_ENTRY_MULTIPLE_PROJECT_RECEPTORS,"[""P19793"",""Q96RI1""]",,6A5Y,,"PDB entry 6A5Y contains polymer entities mapped to 2 distinct project receptors: ['P19793', 'Q96RI1']. This is entry-level co-occurrence of separate polymer entities — NOT the same as one polymer entity mapping to multiple UniProt accessions (see ENTITY_MULTI_MAPPED_UNIPROT rows). No physical interaction/heterodimerization is claimed here beyond co-occurrence in the same deposited entry; that would require examining assembly-level contacts, which this stage does not do.",REVIEW_NEEDED
PDB_ENTRY_MULTIPLE_PROJECT_RECEPTORS,"[""P19793"",""Q96RI1""]",,6A5Z,,"PDB entry 6A5Z contains polymer entities mapped to 2 distinct project receptors: ['P19793', 'Q96RI1']. This is entry-level co-occurrence of separate polymer entities — NOT the same as one polymer entity mapping to multiple UniProt accessions (see ENTITY_MULTI_MAPPED_UNIPROT rows). No physical interaction/heterodimerization is claimed here beyond co-occurrence in the same deposited entry; that would require examining assembly-level contacts, which this stage does not do.",REVIEW_NEEDED
PDB_ENTRY_MULTIPLE_PROJECT_RECEPTORS,"[""P19793"",""Q96RI1""]",,6A60,,"PDB entry 6A60 contains polymer entities mapped to 2 distinct project receptors: ['P19793', 'Q96RI1']. This is entry-level co-occurrence of separate polymer entities — NOT the same as one polymer entity mapping to multiple UniProt accessions (see ENTITY_MULTI_MAPPED_UNIPROT rows). No physical interaction/heterodimerization is claimed here beyond co-occurrence in the same deposited entry; that would require examining assembly-level contacts, which this stage does not do.",REVIEW_NEEDED
PDB_ENTRY_MULTIPLE_PROJECT_RECEPTORS,"[""P10276"",""P19793""]",,6XWG,,"PDB entry 6XWG contains polymer entities mapped to 2 distinct project receptors: ['P10276', 'P19793']. This is entry-level co-occurrence of separate polymer entities — NOT the same as one polymer entity mapping to multiple UniProt accessions (see ENTITY_MULTI_MAPPED_UNIPROT rows). No physical interaction/heterodimerization is claimed here beyond co-occurrence in the same deposited entry; that would require examining assembly-level contacts, which this stage does not do.",REVIEW_NEEDED
PDB_ENTRY_MULTIPLE_PROJECT_RECEPTORS,"[""P19793"",""Q96RI1""]",,8HBM,,"PDB entry 8HBM contains polymer entities mapped to 2 distinct project receptors: ['P19793', 'Q96RI1']. This is entry-level co-occurrence of separate polymer entities — NOT the same as one polymer entity mapping to multiple UniProt accessions (see ENTITY_MULTI_MAPPED_UNIPROT rows). No physical interaction/heterodimerization is claimed here beyond co-occurrence in the same deposited entry; that would require examining assembly-level contacts, which this stage does not do.",REVIEW_NEEDED
LOW_CANDIDATE_COUNT_RECEPTOR,Q14994,NR1I3,,,CAR (NR1I3): only 2 experimental polymer entity/entities found.,REVIEW_NEEDED
LOW_CANDIDATE_COUNT_RECEPTOR,Q14541,NR2A2,,,HNF4γ (NR2A2): only 1 experimental polymer entity/entities found.,REVIEW_NEEDED
ZERO_CANDIDATE_RECEPTOR,Q92753,NR1F2,,,RORβ (NR1F2): query_status=SUCCEEDED_ZERO_RESULTS — the Search API query succeeded and returned 0 experimental polymer entities. This is NOT an API failure.,REVIEW_NEEDED
LOW_CANDIDATE_COUNT_RECEPTOR,P48443,NR2B3,,,RXRγ (NR2B3): only 2 experimental polymer entity/entities found.,REVIEW_NEEDED
ZERO_CANDIDATE_RECEPTOR,P13056,NR2C1,,,TR2 (NR2C1): query_status=SUCCEEDED_ZERO_RESULTS — the Search API query succeeded and returned 0 experimental polymer entities. This is NOT an API failure.,REVIEW_NEEDED
LOW_CANDIDATE_COUNT_RECEPTOR,P10589,NR2F1,,,COUP-TFI (NR2F1): only 1 experimental polymer entity/entities found.,REVIEW_NEEDED
LOW_CANDIDATE_COUNT_RECEPTOR,P24468,NR2F2,,,COUP-TFII (NR2F2): only 1 experimental polymer entity/entities found.,REVIEW_NEEDED
LOW_CANDIDATE_COUNT_RECEPTOR,P51843,NR0B1,,,DAX-1 (NR0B1): only 1 experimental polymer entity/entities found.,REVIEW_NEEDED
LOW_CANDIDATE_COUNT_RECEPTOR,P10588,NR2F6,,,EAR-2 (NR2F6): only 1 experimental polymer entity/entities found.,REVIEW_NEEDED
ZERO_CANDIDATE_RECEPTOR,Q15406,NR6A1,,,GCNF (NR6A1): query_status=SUCCEEDED_ZERO_RESULTS — the Search API query succeeded and returned 0 experimental polymer entities. This is NOT an API failure.,REVIEW_NEEDED
LOW_CANDIDATE_COUNT_RECEPTOR,Q92570,NR4A3,,,NOR-1 (NR4A3): only 1 experimental polymer entity/entities found.,REVIEW_NEEDED
LOW_CANDIDATE_COUNT_RECEPTOR,Q9Y5X4,NR2E3,,,PNR (NR2E3): only 1 experimental polymer entity/entities found.,REVIEW_NEEDED
LOW_CANDIDATE_COUNT_RECEPTOR,Q9Y466,NR2E1,,,TLX (NR2E1): only 1 experimental polymer entity/entities found.,REVIEW_NEEDED
