uniprot_id,nr_code,common_name,pdb_id,polymer_entity_id,instance_count,min_coverage,max_coverage,median_coverage,coverage_range,count_ge_100pct,count_ge_99pct,count_ge_95pct,count_ge_90pct,count_ge_80pct,flag
O00482,NR5A2,LRH-1,1YUC,1YUC_1,2,0.995833,1.0,0.9979165,0.004167000000000032,1,2,2,2,2,
O00482,NR5A2,LRH-1,3PLZ,3PLZ_1,2,0.9625,0.995833,0.9791665,0.033332999999999946,0,1,2,2,2,
O00482,NR5A2,LRH-1,4DOR,4DOR_1,2,0.9,1.0,0.95,0.09999999999999998,1,1,1,2,2,INSTANCE_COVERAGE_HETEROGENEITY_REVIEW
O00482,NR5A2,LRH-1,4IS8,4IS8_1,2,0.958333,0.958333,0.958333,0.0,0,0,2,2,2,
O00482,NR5A2,LRH-1,4ONI,4ONI_1,2,1.0,1.0,1.0,0.0,2,2,2,2,2,
O00482,NR5A2,LRH-1,4PLE,4PLE_1,4,0.9875,0.991667,0.9895835,0.004166999999999921,0,2,4,4,4,
O75469,NR1I2,PXR,1NRL,1NRL_1,2,0.940972,0.951389,0.9461805000000001,0.01041700000000001,0,0,1,2,2,
O75469,NR1I2,PXR,2O9I,2O9I_1,2,0.954861,0.954861,0.954861,0.0,0,0,2,2,2,
O75469,NR1I2,PXR,3CTB,3CTB_1,2,0.923611,0.930556,0.9270835,0.00694500000000009,0,0,0,2,2,
O75469,NR1I2,PXR,3HVL,3HVL_1,2,0.923611,0.930556,0.9270835,0.00694500000000009,0,0,0,2,2,
O75469,NR1I2,PXR,4J5W,4J5W_1,2,0.934028,0.9375,0.935764,0.0034720000000000306,0,0,0,2,2,
O75469,NR1I2,PXR,4J5X,4J5X_2,2,0.930556,0.947917,0.9392365,0.01736099999999996,0,0,0,2,2,
O75469,NR1I2,PXR,4S0S,4S0S_1,2,0.9375,0.9375,0.9375,0.0,0,0,0,2,2,
O75469,NR1I2,PXR,4S0T,4S0T_1,2,0.958333,0.96875,0.9635415,0.01041700000000001,0,0,2,2,2,
O75469,NR1I2,PXR,5A86,5A86_1,2,0.930556,0.934028,0.932292,0.0034719999999999196,0,0,0,2,2,
O75469,NR1I2,PXR,5X0R,5X0R_1,2,0.809028,0.868056,0.838542,0.05902800000000008,0,0,0,0,2,INSTANCE_COVERAGE_HETEROGENEITY_REVIEW
O75469,NR1I2,PXR,6BNS,6BNS_1,2,0.916667,0.927083,0.921875,0.01041599999999998,0,0,0,2,2,
O75469,NR1I2,PXR,6DUP,6DUP_1,2,0.881944,0.892361,0.8871525,0.01041700000000001,0,0,0,0,2,
O75469,NR1I2,PXR,6HTY,6HTY_1,2,0.951389,0.951389,0.951389,0.0,0,0,2,2,2,
O75469,NR1I2,PXR,6NX1,6NX1_1,2,0.930556,0.951389,0.9409725,0.02083299999999999,0,0,1,2,2,
O75469,NR1I2,PXR,6P2B,6P2B_1,2,0.90625,0.934028,0.920139,0.02777799999999997,0,0,0,2,2,
O75469,NR1I2,PXR,6S41,6S41_1,2,0.923611,0.930556,0.9270835,0.00694500000000009,0,0,0,2,2,
O75469,NR1I2,PXR,6TFI,6TFI_1,2,0.947917,0.954861,0.951389,0.00694399999999995,0,0,1,2,2,
O75469,NR1I2,PXR,6XP9,6XP9_1,2,0.84375,0.857639,0.8506945,0.01388900000000004,0,0,0,0,2,
O75469,NR1I2,PXR,7YFK,7YFK_1,2,0.930556,0.930556,0.930556,0.0,0,0,0,2,2,
O75469,NR1I2,PXR,8EQZ,8EQZ_1,2,0.934028,0.947917,0.9409725,0.01388900000000004,0,0,0,2,2,
O75469,NR1I2,PXR,8F5Y,8F5Y_1,2,0.809028,0.951389,0.8802085,0.14236100000000007,0,0,1,1,2,INSTANCE_COVERAGE_HETEROGENEITY_REVIEW
O75469,NR1I2,PXR,8SVN,8SVN_1,2,0.930556,0.930556,0.930556,0.0,0,0,0,2,2,
O75469,NR1I2,PXR,8SVO,8SVO_1,2,0.892361,0.940972,0.9166665,0.04861100000000007,0,0,0,1,2,
O75469,NR1I2,PXR,8SVP,8SVP_1,2,0.857639,0.881944,0.8697915,0.02430499999999991,0,0,0,0,2,
O75469,NR1I2,PXR,8SVQ,8SVQ_1,2,0.90625,0.909722,0.907986,0.0034720000000000306,0,0,0,2,2,
O75469,NR1I2,PXR,8SVR,8SVR_1,2,0.892361,0.913194,0.9027775,0.02083299999999999,0,0,0,1,2,
O75469,NR1I2,PXR,8SVS,8SVS_1,2,0.899306,0.899306,0.899306,0.0,0,0,0,0,2,
O75469,NR1I2,PXR,8SVT,8SVT_1,2,0.923611,0.9375,0.9305555,0.01388900000000004,0,0,0,2,2,
O75469,NR1I2,PXR,8SVU,8SVU_1,2,0.895833,0.916667,0.90625,0.02083400000000002,0,0,0,1,2,
O75469,NR1I2,PXR,8SVX,8SVX_1,2,0.927083,0.927083,0.927083,0.0,0,0,0,2,2,
O75469,NR1I2,PXR,9FZI,9FZI_1,2,0.923611,0.934028,0.9288194999999999,0.01041700000000001,0,0,0,2,2,
O75469,NR1I2,PXR,9O41,9O41_1,2,0.944444,0.947917,0.9461805,0.0034730000000000594,0,0,0,2,2,
O75469,NR1I2,PXR,9O42,9O42_1,2,0.923611,0.947917,0.935764,0.02430600000000005,0,0,0,2,2,
O75469,NR1I2,PXR,9O43,9O43_1,2,0.920139,0.947917,0.9340280000000001,0.02777799999999997,0,0,0,2,2,
O75469,NR1I2,PXR,9O44,9O44_1,2,0.944444,0.947917,0.9461805,0.0034730000000000594,0,0,0,2,2,
O75469,NR1I2,PXR,9O45,9O45_1,2,0.934028,0.947917,0.9409725,0.01388900000000004,0,0,0,2,2,
O75469,NR1I2,PXR,9O46,9O46_1,2,0.934028,0.9375,0.935764,0.0034720000000000306,0,0,0,2,2,
O95718,NR3B2,ERRβ,6LIT,6LIT_1,2,0.875556,0.88,0.877778,0.0044440000000000035,0,0,0,0,2,
P03372,NR3A1,ERα,1A52,1A52_1,2,0.987342,0.987342,0.987342,0.0,0,0,2,2,2,
P03372,NR3A1,ERα,1ERE,1ERE_1,6,0.962025,0.962025,0.962025,0.0,0,0,6,6,6,
P03372,NR3A1,ERα,1ERR,1ERR_1,2,0.902954,0.932489,0.9177215000000001,0.029534999999999978,0,0,0,2,2,
P03372,NR3A1,ERα,1G50,1G50_1,3,1.0,1.0,1.0,0.0,3,3,3,3,3,
P03372,NR3A1,ERα,1GWQ,1GWQ_1,2,0.974684,0.978903,0.9767935,0.004218999999999973,0,0,2,2,2,
P03372,NR3A1,ERα,1GWR,1GWR_1,2,0.974684,0.978903,0.9767935,0.004218999999999973,0,0,2,2,2,
P03372,NR3A1,ERα,1L2I,1L2I_1,2,0.953586,0.962025,0.9578055000000001,0.008438999999999974,0,0,2,2,2,
P03372,NR3A1,ERα,1PCG,1PCG_1,2,0.949367,0.995781,0.972574,0.046414000000000066,0,1,1,2,2,
P03372,NR3A1,ERα,1QKU,1QKU_1,3,1.0,1.0,1.0,0.0,3,3,3,3,3,
P03372,NR3A1,ERα,1R5K,1R5K_1,3,0.970464,0.974684,0.970464,0.0042200000000000015,0,0,3,3,3,
P03372,NR3A1,ERα,1X7E,1X7E_1,2,0.970464,0.970464,0.970464,0.0,0,0,2,2,2,
P03372,NR3A1,ERα,1XQC,1XQC_1,4,0.911392,0.924051,0.9177215,0.012658999999999976,0,0,0,4,4,
P03372,NR3A1,ERα,1ZKY,1ZKY_1,2,0.970464,1.0,0.985232,0.029536000000000007,1,1,2,2,2,
P03372,NR3A1,ERα,2B1V,2B1V_1,2,0.966245,1.0,0.9831225,0.03375499999999998,1,1,2,2,2,
P03372,NR3A1,ERα,2B1Z,2B1Z_1,2,0.962025,0.978903,0.970464,0.01687799999999995,0,0,2,2,2,
P03372,NR3A1,ERα,2B23,2B23_1,2,0.936709,0.957806,0.9472575000000001,0.021097000000000032,0,0,1,2,2,
P03372,NR3A1,ERα,2FAI,2FAI_1,2,0.966245,1.0,0.9831225,0.03375499999999998,1,1,2,2,2,
P03372,NR3A1,ERα,2G44,2G44_1,2,0.957806,0.970464,0.964135,0.012657999999999947,0,0,2,2,2,
P03372,NR3A1,ERα,2G5O,2G5O_1,2,0.966245,0.970464,0.9683545,0.004218999999999973,0,0,2,2,2,
P03372,NR3A1,ERα,2I0J,2I0J_1,4,0.911392,0.936709,0.9240505,0.025317000000000034,0,0,0,4,4,
P03372,NR3A1,ERα,2IOK,2IOK_1,2,0.936709,0.940928,0.9388185,0.004218999999999973,0,0,0,2,2,
P03372,NR3A1,ERα,2JF9,2JF9_1,3,0.85654,0.881857,0.877637,0.025317000000000034,0,0,0,0,3,
P03372,NR3A1,ERα,2P15,2P15_1,2,0.987342,0.987342,0.987342,0.0,0,0,2,2,2,
P03372,NR3A1,ERα,2POG,2POG_1,2,0.869198,0.949367,0.9092825,0.08016899999999993,0,0,0,1,2,INSTANCE_COVERAGE_HETEROGENEITY_REVIEW
P03372,NR3A1,ERα,2Q6J,2Q6J_1,2,0.953586,0.991561,0.9725735,0.03797499999999998,0,1,2,2,2,
P03372,NR3A1,ERα,2Q70,2Q70_1,2,0.869198,0.962025,0.9156115,0.09282699999999999,0,0,1,1,2,INSTANCE_COVERAGE_HETEROGENEITY_REVIEW
P03372,NR3A1,ERα,2QA6,2QA6_1,2,0.987342,0.991561,0.9894515,0.004218999999999973,0,1,2,2,2,
P03372,NR3A1,ERα,2QAB,2QAB_1,2,0.966245,1.0,0.9831225,0.03375499999999998,1,1,2,2,2,
P03372,NR3A1,ERα,2QE4,2QE4_1,2,0.839662,0.852321,0.8459915,0.012658999999999976,0,0,0,0,2,
P03372,NR3A1,ERα,2QGT,2QGT_1,2,0.970464,0.978903,0.9746835,0.008438999999999974,0,0,2,2,2,
P03372,NR3A1,ERα,2QGW,2QGW_1,2,0.966245,0.987342,0.9767935000000001,0.021097000000000032,0,0,2,2,2,
P03372,NR3A1,ERα,2QH6,2QH6_1,2,0.936709,0.945148,0.9409285000000001,0.008438999999999974,0,0,0,2,2,
P03372,NR3A1,ERα,2QR9,2QR9_1,2,0.987342,0.987342,0.987342,0.0,0,0,2,2,2,
P03372,NR3A1,ERα,2QSE,2QSE_1,2,0.970464,0.987342,0.9789030000000001,0.01687800000000006,0,0,2,2,2,
P03372,NR3A1,ERα,2QXM,2QXM_1,2,0.949367,0.987342,0.9683545,0.03797500000000009,0,0,1,2,2,
P03372,NR3A1,ERα,2QXS,2QXS_1,2,0.92827,0.978903,0.9535865,0.05063299999999993,0,0,1,2,2,INSTANCE_COVERAGE_HETEROGENEITY_REVIEW
P03372,NR3A1,ERα,2R6W,2R6W_1,2,0.919831,0.936709,0.9282699999999999,0.01687800000000006,0,0,0,2,2,
P03372,NR3A1,ERα,2R6Y,2R6Y_1,2,0.911392,0.949367,0.9303794999999999,0.03797499999999998,0,0,0,2,2,
P03372,NR3A1,ERα,3DT3,3DT3_1,2,0.957806,0.987342,0.972574,0.029536000000000007,0,0,2,2,2,
P03372,NR3A1,ERα,3ERD,3ERD_1,2,0.966245,1.0,0.9831225,0.03375499999999998,1,1,2,2,2,
P03372,NR3A1,ERα,3HLV,3HLV_1,2,0.978903,0.978903,0.978903,0.0,0,0,2,2,2,
P03372,NR3A1,ERα,3HM1,3HM1_1,2,0.962025,0.966245,0.964135,0.0042200000000000015,0,0,2,2,2,
P03372,NR3A1,ERα,3L03,3L03_1,2,0.966245,0.987342,0.9767935000000001,0.021097000000000032,0,0,2,2,2,
P03372,NR3A1,ERα,3OS8,3OS8_1,2,0.995781,0.995781,0.995781,0.0,0,2,2,2,2,
P03372,NR3A1,ERα,3OS8,3OS8_2,2,0.945148,0.962025,0.9535865,0.01687700000000003,0,0,1,2,2,
P03372,NR3A1,ERα,3OS9,3OS9_1,4,0.85654,0.966245,0.9240505,0.10970500000000005,0,0,1,3,4,INSTANCE_COVERAGE_HETEROGENEITY_REVIEW
P03372,NR3A1,ERα,3OSA,3OSA_1,4,0.92827,0.987342,0.966245,0.05907200000000001,0,0,2,4,4,INSTANCE_COVERAGE_HETEROGENEITY_REVIEW
P03372,NR3A1,ERα,3UUC,3UUC_1,4,0.907173,0.945148,0.934599,0.03797499999999998,0,0,0,4,4,
P03372,NR3A1,ERα,4DMA,4DMA_1,2,0.953586,0.970464,0.962025,0.01687799999999995,0,0,2,2,2,
P03372,NR3A1,ERα,4IU7,4IU7_1,2,0.957806,0.966245,0.9620255,0.008438999999999974,0,0,2,2,2,
P03372,NR3A1,ERα,4IUI,4IUI_1,2,0.860759,0.911392,0.8860755,0.05063299999999993,0,0,0,1,2,INSTANCE_COVERAGE_HETEROGENEITY_REVIEW
P03372,NR3A1,ERα,4IV2,4IV2_1,2,0.945148,0.974684,0.959916,0.029536000000000007,0,0,1,2,2,
P03372,NR3A1,ERα,4IV4,4IV4_1,2,0.936709,0.949367,0.943038,0.012657999999999947,0,0,0,2,2,
P03372,NR3A1,ERα,4IVW,4IVW_1,2,0.949367,0.970464,0.9599154999999999,0.021097000000000032,0,0,1,2,2,
P03372,NR3A1,ERα,4IVY,4IVY_1,2,0.932489,0.949367,0.940928,0.01687799999999995,0,0,0,2,2,
P03372,NR3A1,ERα,4IW6,4IW6_1,2,0.949367,0.962025,0.955696,0.012658000000000058,0,0,1,2,2,
P03372,NR3A1,ERα,4IW8,4IW8_1,2,0.949367,0.978903,0.964135,0.029536000000000007,0,0,1,2,2,
P03372,NR3A1,ERα,4IWC,4IWC_1,2,0.966245,0.978903,0.972574,0.012657999999999947,0,0,2,2,2,
P03372,NR3A1,ERα,4IWF,4IWF_1,2,0.936709,0.966245,0.951477,0.029536000000000007,0,0,1,2,2,
P03372,NR3A1,ERα,4MG5,4MG5_1,2,0.957806,0.991561,0.9746835,0.03375499999999998,0,1,2,2,2,
P03372,NR3A1,ERα,4MG6,4MG6_1,2,0.957806,0.962025,0.9599155,0.004218999999999973,0,0,2,2,2,
P03372,NR3A1,ERα,4MGC,4MGC_1,2,0.966245,0.974684,0.9704645000000001,0.008438999999999974,0,0,2,2,2,
P03372,NR3A1,ERα,4PP6,4PP6_1,2,0.940928,0.957806,0.9493670000000001,0.01687800000000006,0,0,1,2,2,
P03372,NR3A1,ERα,4PPP,4PPP_1,2,0.932489,0.978903,0.955696,0.046413999999999955,0,0,1,2,2,
P03372,NR3A1,ERα,4PPS,4PPS_1,2,0.966245,0.974684,0.9704645000000001,0.008438999999999974,0,0,2,2,2,
P03372,NR3A1,ERα,4PXM,4PXM_1,2,0.924051,0.945148,0.9345995,0.021097000000000032,0,0,0,2,2,
P03372,NR3A1,ERα,4Q13,4Q13_1,2,0.92827,0.92827,0.92827,0.0,0,0,0,2,2,
P03372,NR3A1,ERα,4Q50,4Q50_1,8,0.864979,0.911392,0.900844,0.04641299999999993,0,0,0,4,8,
P03372,NR3A1,ERα,4XI3,4XI3_1,4,0.902954,0.974684,0.9578059999999999,0.07172999999999996,0,0,2,4,4,INSTANCE_COVERAGE_HETEROGENEITY_REVIEW
P03372,NR3A1,ERα,4ZN7,4ZN7_1,2,0.957806,0.966245,0.9620255,0.008438999999999974,0,0,2,2,2,
P03372,NR3A1,ERα,4ZN9,4ZN9_1,2,0.936709,0.945148,0.9409285000000001,0.008438999999999974,0,0,0,2,2,
P03372,NR3A1,ERα,4ZNH,4ZNH_1,2,0.92827,0.970464,0.9493670000000001,0.042193999999999954,0,0,1,2,2,
P03372,NR3A1,ERα,4ZNS,4ZNS_1,2,0.936709,0.966245,0.951477,0.029536000000000007,0,0,1,2,2,
P03372,NR3A1,ERα,4ZNT,4ZNT_1,2,0.936709,0.953586,0.9451475,0.01687700000000003,0,0,1,2,2,
P03372,NR3A1,ERα,4ZNU,4ZNU_1,2,0.915612,0.966245,0.9409285000000001,0.05063300000000004,0,0,1,2,2,INSTANCE_COVERAGE_HETEROGENEITY_REVIEW
P03372,NR3A1,ERα,4ZNV,4ZNV_1,2,0.949367,0.978903,0.964135,0.029536000000000007,0,0,1,2,2,
P03372,NR3A1,ERα,4ZNW,4ZNW_1,2,0.932489,0.949367,0.940928,0.01687799999999995,0,0,0,2,2,
P03372,NR3A1,ERα,5AAU,5AAU_1,2,0.911392,0.932489,0.9219405,0.021097000000000032,0,0,0,2,2,
P03372,NR3A1,ERα,5AK2,5AK2_1,2,0.873418,0.907173,0.8902955,0.03375499999999998,0,0,0,1,2,
P03372,NR3A1,ERα,5DI7,5DI7_1,2,0.987342,1.0,0.993671,0.012657999999999947,1,1,2,2,2,
P03372,NR3A1,ERα,5DID,5DID_1,2,0.991561,1.0,0.9957805,0.008438999999999974,1,2,2,2,2,
P03372,NR3A1,ERα,5DIE,5DIE_1,2,0.962025,0.966245,0.964135,0.0042200000000000015,0,0,2,2,2,
P03372,NR3A1,ERα,5DIG,5DIG_1,2,0.970464,0.987342,0.9789030000000001,0.01687800000000006,0,0,2,2,2,
P03372,NR3A1,ERα,5DK9,5DK9_1,2,0.945148,0.962025,0.9535865,0.01687700000000003,0,0,1,2,2,
P03372,NR3A1,ERα,5DKB,5DKB_1,2,0.940928,0.953586,0.947257,0.012658000000000058,0,0,1,2,2,
P03372,NR3A1,ERα,5DKE,5DKE_1,2,0.902954,0.936709,0.9198315,0.03375499999999998,0,0,0,2,2,
P03372,NR3A1,ERα,5DKG,5DKG_1,2,0.940928,0.978903,0.9599154999999999,0.03797499999999998,0,0,1,2,2,
P03372,NR3A1,ERα,5DKS,5DKS_1,2,0.919831,0.936709,0.9282699999999999,0.01687800000000006,0,0,0,2,2,
P03372,NR3A1,ERα,5DL4,5DL4_1,2,0.957806,0.983122,0.970464,0.025316000000000005,0,0,2,2,2,
P03372,NR3A1,ERα,5DLR,5DLR_1,2,0.949367,0.974684,0.9620255,0.025317000000000034,0,0,1,2,2,
P03372,NR3A1,ERα,5DMC,5DMC_1,2,0.915612,0.949367,0.9324895,0.03375499999999998,0,0,0,2,2,
P03372,NR3A1,ERα,5DMF,5DMF_1,2,0.957806,0.966245,0.9620255,0.008438999999999974,0,0,2,2,2,
P03372,NR3A1,ERα,5DP0,5DP0_1,2,0.936709,0.949367,0.943038,0.012657999999999947,0,0,0,2,2,
P03372,NR3A1,ERα,5DRJ,5DRJ_1,2,0.957806,0.987342,0.972574,0.029536000000000007,0,0,2,2,2,
P03372,NR3A1,ERα,5DRM,5DRM_1,2,0.962025,0.978903,0.970464,0.01687799999999995,0,0,2,2,2,
P03372,NR3A1,ERα,5DTV,5DTV_1,2,0.940928,0.974684,0.9578059999999999,0.03375600000000001,0,0,1,2,2,
P03372,NR3A1,ERα,5DU5,5DU5_1,2,0.945148,0.962025,0.9535865,0.01687700000000003,0,0,1,2,2,
P03372,NR3A1,ERα,5DUE,5DUE_1,2,0.962025,0.983122,0.9725735,0.021097000000000032,0,0,2,2,2,
P03372,NR3A1,ERα,5DUG,5DUG_1,2,0.957806,0.962025,0.9599155,0.004218999999999973,0,0,2,2,2,
P03372,NR3A1,ERα,5DUH,5DUH_1,2,0.949367,0.966245,0.9578059999999999,0.01687800000000006,0,0,1,2,2,
P03372,NR3A1,ERα,5DVS,5DVS_1,2,0.915612,0.953586,0.934599,0.03797400000000006,0,0,1,2,2,
P03372,NR3A1,ERα,5DVV,5DVV_1,2,0.873418,0.877637,0.8755275,0.004218999999999973,0,0,0,0,2,
P03372,NR3A1,ERα,5DWE,5DWE_1,2,0.932489,0.949367,0.940928,0.01687799999999995,0,0,0,2,2,
P03372,NR3A1,ERα,5DWG,5DWG_1,2,0.907173,0.919831,0.913502,0.012657999999999947,0,0,0,2,2,
P03372,NR3A1,ERα,5DWI,5DWI_1,2,0.945148,0.949367,0.9472575,0.004218999999999973,0,0,0,2,2,
P03372,NR3A1,ERα,5DWJ,5DWJ_1,2,0.932489,0.945148,0.9388185,0.012658999999999976,0,0,0,2,2,
P03372,NR3A1,ERα,5DXE,5DXE_1,2,0.932489,0.957806,0.9451475,0.025317000000000034,0,0,1,2,2,
P03372,NR3A1,ERα,5DXG,5DXG_1,2,0.919831,0.953586,0.9367084999999999,0.03375500000000009,0,0,1,2,2,
P03372,NR3A1,ERα,5DXK,5DXK_1,2,0.957806,0.974684,0.966245,0.01687799999999995,0,0,2,2,2,
P03372,NR3A1,ERα,5DXM,5DXM_1,2,0.957806,0.974684,0.966245,0.01687799999999995,0,0,2,2,2,
P03372,NR3A1,ERα,5DXP,5DXP_1,2,0.911392,0.945148,0.9282699999999999,0.03375600000000001,0,0,0,2,2,
P03372,NR3A1,ERα,5DXQ,5DXQ_1,2,0.932489,0.945148,0.9388185,0.012658999999999976,0,0,0,2,2,
P03372,NR3A1,ERα,5DXR,5DXR_1,2,0.957806,0.966245,0.9620255,0.008438999999999974,0,0,2,2,2,
P03372,NR3A1,ERα,5DY8,5DY8_1,2,0.949367,0.957806,0.9535865,0.008439000000000085,0,0,1,2,2,
P03372,NR3A1,ERα,5DYB,5DYB_1,2,0.936709,0.957806,0.9472575000000001,0.021097000000000032,0,0,1,2,2,
P03372,NR3A1,ERα,5DYD,5DYD_1,2,0.924051,0.957806,0.9409285000000001,0.03375500000000009,0,0,1,2,2,
P03372,NR3A1,ERα,5DZ0,5DZ0_1,2,0.953586,0.962025,0.9578055000000001,0.008438999999999974,0,0,2,2,2,
P03372,NR3A1,ERα,5DZ1,5DZ1_1,2,0.940928,0.987342,0.964135,0.046414000000000066,0,0,1,2,2,
P03372,NR3A1,ERα,5DZ3,5DZ3_1,2,0.940928,0.970464,0.955696,0.029536000000000007,0,0,1,2,2,
P03372,NR3A1,ERα,5DZH,5DZH_1,2,0.953586,0.953586,0.953586,0.0,0,0,2,2,2,
P03372,NR3A1,ERα,5DZI,5DZI_1,2,0.957806,0.983122,0.970464,0.025316000000000005,0,0,2,2,2,
P03372,NR3A1,ERα,5E0W,5E0W_1,2,0.940928,0.957806,0.9493670000000001,0.01687800000000006,0,0,1,2,2,
P03372,NR3A1,ERα,5E0X,5E0X_1,2,0.940928,0.940928,0.940928,0.0,0,0,0,2,2,
P03372,NR3A1,ERα,5E14,5E14_1,2,0.949367,0.966245,0.9578059999999999,0.01687800000000006,0,0,1,2,2,
P03372,NR3A1,ERα,5E15,5E15_1,2,0.881857,0.949367,0.915612,0.06750999999999996,0,0,0,1,2,INSTANCE_COVERAGE_HETEROGENEITY_REVIEW
P03372,NR3A1,ERα,5E19,5E19_1,2,0.953586,0.974684,0.964135,0.02109799999999995,0,0,2,2,2,
P03372,NR3A1,ERα,5E1C,5E1C_1,2,0.962025,0.987342,0.9746835,0.025317000000000034,0,0,2,2,2,
P03372,NR3A1,ERα,5EGV,5EGV_1,2,0.932489,0.957806,0.9451475,0.025317000000000034,0,0,1,2,2,
P03372,NR3A1,ERα,5EHJ,5EHJ_1,2,0.936709,0.957806,0.9472575000000001,0.021097000000000032,0,0,1,2,2,
P03372,NR3A1,ERα,5EI1,5EI1_1,2,0.953586,0.953586,0.953586,0.0,0,0,2,2,2,
P03372,NR3A1,ERα,5EIT,5EIT_1,2,0.953586,0.957806,0.9556960000000001,0.0042200000000000015,0,0,2,2,2,
P03372,NR3A1,ERα,5HYR,5HYR_1,2,0.924051,0.953586,0.9388185,0.02953500000000009,0,0,1,2,2,
P03372,NR3A1,ERα,5KCC,5KCC_1,2,0.919831,0.970464,0.9451475,0.05063300000000004,0,0,1,2,2,INSTANCE_COVERAGE_HETEROGENEITY_REVIEW
P03372,NR3A1,ERα,5KCD,5KCD_1,2,0.924051,0.945148,0.9345995,0.021097000000000032,0,0,0,2,2,
P03372,NR3A1,ERα,5KCE,5KCE_1,2,0.898734,0.978903,0.9388185,0.08016899999999993,0,0,1,1,2,INSTANCE_COVERAGE_HETEROGENEITY_REVIEW
P03372,NR3A1,ERα,5KCF,5KCF_1,2,0.92827,0.953586,0.940928,0.025316000000000005,0,0,1,2,2,
P03372,NR3A1,ERα,5KCT,5KCT_1,2,0.92827,0.957806,0.943038,0.029536000000000007,0,0,1,2,2,
P03372,NR3A1,ERα,5KCU,5KCU_1,2,0.92827,0.932489,0.9303795,0.004218999999999973,0,0,0,2,2,
P03372,NR3A1,ERα,5KCW,5KCW_1,2,0.915612,0.949367,0.9324895,0.03375499999999998,0,0,0,2,2,
P03372,NR3A1,ERα,5KD9,5KD9_1,2,0.936709,0.962025,0.9493670000000001,0.025316000000000005,0,0,1,2,2,
P03372,NR3A1,ERα,5KR9,5KR9_1,2,0.953586,0.957806,0.9556960000000001,0.0042200000000000015,0,0,2,2,2,
P03372,NR3A1,ERα,5KRA,5KRA_1,4,0.924051,0.978903,0.9493670000000001,0.05485200000000001,0,0,2,4,4,INSTANCE_COVERAGE_HETEROGENEITY_REVIEW
P03372,NR3A1,ERα,5KRC,5KRC_1,2,0.949367,0.966245,0.9578059999999999,0.01687800000000006,0,0,1,2,2,
P03372,NR3A1,ERα,5KRF,5KRF_1,2,0.953586,0.962025,0.9578055000000001,0.008438999999999974,0,0,2,2,2,
P03372,NR3A1,ERα,5KRH,5KRH_1,2,0.945148,0.970464,0.9578059999999999,0.025316000000000005,0,0,1,2,2,
P03372,NR3A1,ERα,5KRI,5KRI_1,2,0.957806,0.957806,0.957806,0.0,0,0,2,2,2,
P03372,NR3A1,ERα,5KRJ,5KRJ_1,2,0.940928,0.940928,0.940928,0.0,0,0,0,2,2,
P03372,NR3A1,ERα,5KRK,5KRK_1,2,0.911392,0.932489,0.9219405,0.021097000000000032,0,0,0,2,2,
P03372,NR3A1,ERα,5KRL,5KRL_1,2,0.932489,0.966245,0.9493670000000001,0.03375600000000001,0,0,1,2,2,
P03372,NR3A1,ERα,5KRM,5KRM_1,2,0.966245,0.978903,0.972574,0.012657999999999947,0,0,2,2,2,
P03372,NR3A1,ERα,5KRO,5KRO_1,2,0.940928,0.940928,0.940928,0.0,0,0,0,2,2,
P03372,NR3A1,ERα,5T1Z,5T1Z_1,2,0.974684,0.978903,0.9767935,0.004218999999999973,0,0,2,2,2,
P03372,NR3A1,ERα,5T92,5T92_1,2,0.755274,0.767932,0.761603,0.012657999999999947,0,0,0,0,0,
P03372,NR3A1,ERα,5T97,5T97_1,2,0.742616,0.797468,0.770042,0.0548519999999999,0,0,0,0,0,INSTANCE_COVERAGE_HETEROGENEITY_REVIEW
P03372,NR3A1,ERα,5TLD,5TLD_1,2,0.940928,0.962025,0.9514765000000001,0.021097000000000032,0,0,1,2,2,
P03372,NR3A1,ERα,5TLF,5TLF_1,2,0.962025,0.966245,0.964135,0.0042200000000000015,0,0,2,2,2,
P03372,NR3A1,ERα,5TLG,5TLG_1,2,0.936709,0.966245,0.951477,0.029536000000000007,0,0,1,2,2,
P03372,NR3A1,ERα,5TLL,5TLL_1,2,0.957806,0.962025,0.9599155,0.004218999999999973,0,0,2,2,2,
P03372,NR3A1,ERα,5TLM,5TLM_1,2,0.92827,0.932489,0.9303795,0.004218999999999973,0,0,0,2,2,
P03372,NR3A1,ERα,5TLO,5TLO_1,2,0.940928,0.949367,0.9451475,0.008438999999999974,0,0,0,2,2,
P03372,NR3A1,ERα,5TLP,5TLP_1,2,0.848101,0.957806,0.9029535,0.10970500000000005,0,0,1,1,2,INSTANCE_COVERAGE_HETEROGENEITY_REVIEW
P03372,NR3A1,ERα,5TLT,5TLT_1,2,0.949367,0.978903,0.964135,0.029536000000000007,0,0,1,2,2,
P03372,NR3A1,ERα,5TLU,5TLU_1,2,0.936709,0.970464,0.9535865,0.03375499999999998,0,0,1,2,2,
P03372,NR3A1,ERα,5TLV,5TLV_1,2,0.974684,0.991561,0.9831225,0.01687700000000003,0,1,2,2,2,
P03372,NR3A1,ERα,5TLX,5TLX_1,2,0.957806,0.991561,0.9746835,0.03375499999999998,0,1,2,2,2,
P03372,NR3A1,ERα,5TLY,5TLY_1,2,0.949367,0.966245,0.9578059999999999,0.01687800000000006,0,0,1,2,2,
P03372,NR3A1,ERα,5TM1,5TM1_1,2,0.902954,0.940928,0.921941,0.03797399999999995,0,0,0,2,2,
P03372,NR3A1,ERα,5TM2,5TM2_1,2,0.894515,0.957806,0.9261604999999999,0.0632910000000001,0,0,1,1,2,INSTANCE_COVERAGE_HETEROGENEITY_REVIEW
P03372,NR3A1,ERα,5TM3,5TM3_1,2,0.945148,0.987342,0.966245,0.042194000000000065,0,0,1,2,2,
P03372,NR3A1,ERα,5TM4,5TM4_1,2,0.890295,0.932489,0.911392,0.042194000000000065,0,0,0,1,2,
P03372,NR3A1,ERα,5TM5,5TM5_1,2,0.949367,0.978903,0.964135,0.029536000000000007,0,0,1,2,2,
P03372,NR3A1,ERα,5TM6,5TM6_1,2,0.953586,0.991561,0.9725735,0.03797499999999998,0,1,2,2,2,
P03372,NR3A1,ERα,5TM7,5TM7_1,2,0.945148,0.983122,0.964135,0.03797400000000006,0,0,1,2,2,
P03372,NR3A1,ERα,5TM8,5TM8_1,2,0.92827,0.962025,0.9451475,0.03375499999999998,0,0,1,2,2,
P03372,NR3A1,ERα,5TM9,5TM9_1,2,0.864979,0.881857,0.873418,0.01687799999999995,0,0,0,0,2,
P03372,NR3A1,ERα,5TML,5TML_1,2,0.940928,0.987342,0.964135,0.046414000000000066,0,0,1,2,2,
P03372,NR3A1,ERα,5TMM,5TMM_1,2,0.907173,0.915612,0.9113925,0.008438999999999974,0,0,0,2,2,
P03372,NR3A1,ERα,5TMO,5TMO_1,2,0.957806,0.978903,0.9683545,0.02109699999999992,0,0,2,2,2,
P03372,NR3A1,ERα,5TMQ,5TMQ_1,2,0.957806,0.987342,0.972574,0.029536000000000007,0,0,2,2,2,
P03372,NR3A1,ERα,5TMR,5TMR_1,2,0.966245,0.987342,0.9767935000000001,0.021097000000000032,0,0,2,2,2,
P03372,NR3A1,ERα,5TMS,5TMS_1,2,0.957806,0.983122,0.970464,0.025316000000000005,0,0,2,2,2,
P03372,NR3A1,ERα,5TMT,5TMT_1,2,0.953586,0.970464,0.962025,0.01687799999999995,0,0,2,2,2,
P03372,NR3A1,ERα,5TMU,5TMU_1,2,0.957806,0.987342,0.972574,0.029536000000000007,0,0,2,2,2,
P03372,NR3A1,ERα,5TMV,5TMV_1,2,0.962025,0.974684,0.9683545,0.012658999999999976,0,0,2,2,2,
P03372,NR3A1,ERα,5TMW,5TMW_1,2,0.970464,0.978903,0.9746835,0.008438999999999974,0,0,2,2,2,
P03372,NR3A1,ERα,5TMZ,5TMZ_1,2,0.962025,0.991561,0.976793,0.029536000000000007,0,1,2,2,2,
P03372,NR3A1,ERα,5TN1,5TN1_1,2,0.987342,0.991561,0.9894515,0.004218999999999973,0,1,2,2,2,
P03372,NR3A1,ERα,5TN3,5TN3_1,2,0.966245,0.987342,0.9767935000000001,0.021097000000000032,0,0,2,2,2,
P03372,NR3A1,ERα,5TN4,5TN4_1,2,0.957806,0.991561,0.9746835,0.03375499999999998,0,1,2,2,2,
P03372,NR3A1,ERα,5TN5,5TN5_1,2,0.957806,0.962025,0.9599155,0.004218999999999973,0,0,2,2,2,
P03372,NR3A1,ERα,5TN6,5TN6_1,2,0.940928,0.966245,0.9535865,0.025317000000000034,0,0,1,2,2,
P03372,NR3A1,ERα,5TN7,5TN7_1,2,0.966245,0.966245,0.966245,0.0,0,0,2,2,2,
P03372,NR3A1,ERα,5TN8,5TN8_1,2,0.932489,0.974684,0.9535865,0.04219499999999998,0,0,1,2,2,
P03372,NR3A1,ERα,5TN9,5TN9_1,4,0.864979,0.92827,0.907173,0.06329099999999999,0,0,0,2,4,INSTANCE_COVERAGE_HETEROGENEITY_REVIEW
P03372,NR3A1,ERα,5TNB,5TNB_1,4,0.881857,0.945148,0.934599,0.06329099999999999,0,0,0,3,4,INSTANCE_COVERAGE_HETEROGENEITY_REVIEW
P03372,NR3A1,ERα,5U2B,5U2B_1,6,0.907173,0.974684,0.9198310000000001,0.06751099999999999,0,0,2,6,6,INSTANCE_COVERAGE_HETEROGENEITY_REVIEW
P03372,NR3A1,ERα,5U2D,5U2D_1,2,0.949367,0.987342,0.9683545,0.03797500000000009,0,0,1,2,2,
P03372,NR3A1,ERα,5UFW,5UFW_1,2,0.945148,0.987342,0.966245,0.042194000000000065,0,0,1,2,2,
P03372,NR3A1,ERα,5UFX,5UFX_1,2,0.953586,0.974684,0.964135,0.02109799999999995,0,0,2,2,2,
P03372,NR3A1,ERα,5W9C,5W9C_1,4,0.945148,0.974684,0.962025,0.029536000000000007,0,0,3,4,4,
P03372,NR3A1,ERα,5W9D,5W9D_1,2,0.983122,0.991561,0.9873415000000001,0.008438999999999974,0,1,2,2,2,
P03372,NR3A1,ERα,5WGD,5WGD_1,2,0.915612,0.949367,0.9324895,0.03375499999999998,0,0,0,2,2,
P03372,NR3A1,ERα,5WGQ,5WGQ_1,2,0.940928,0.962025,0.9514765000000001,0.021097000000000032,0,0,1,2,2,
P03372,NR3A1,ERα,6B0F,6B0F_1,2,0.767932,0.852321,0.8101265,0.08438900000000005,0,0,0,0,1,INSTANCE_COVERAGE_HETEROGENEITY_REVIEW
P03372,NR3A1,ERα,6C42,6C42_1,2,0.92827,0.983122,0.9556960000000001,0.05485200000000001,0,0,1,2,2,INSTANCE_COVERAGE_HETEROGENEITY_REVIEW
P03372,NR3A1,ERα,6CZN,6CZN_1,2,0.877637,0.911392,0.8945145,0.03375499999999998,0,0,0,1,2,
P03372,NR3A1,ERα,6D0F,6D0F_1,2,0.877637,0.898734,0.8881855000000001,0.021097000000000032,0,0,0,0,2,
P03372,NR3A1,ERα,6DF6,6DF6_1,4,0.907173,0.970464,0.9578055000000001,0.06329099999999999,0,0,3,4,4,INSTANCE_COVERAGE_HETEROGENEITY_REVIEW
P03372,NR3A1,ERα,6DFN,6DFN_1,4,0.898734,0.966245,0.9303794999999999,0.06751099999999999,0,0,1,3,4,INSTANCE_COVERAGE_HETEROGENEITY_REVIEW
P03372,NR3A1,ERα,6OWC,6OWC_1,2,0.953586,0.974684,0.964135,0.02109799999999995,0,0,2,2,2,
P03372,NR3A1,ERα,6PET,6PET_1,4,0.907173,0.987342,0.9556960000000001,0.08016900000000005,0,0,2,4,4,INSTANCE_COVERAGE_HETEROGENEITY_REVIEW
P03372,NR3A1,ERα,6PFM,6PFM_1,2,0.92827,0.974684,0.951477,0.046413999999999955,0,0,1,2,2,
P03372,NR3A1,ERα,6PSJ,6PSJ_1,2,0.890295,0.949367,0.919831,0.05907200000000001,0,0,0,1,2,INSTANCE_COVERAGE_HETEROGENEITY_REVIEW
P03372,NR3A1,ERα,6SBO,6SBO_1,2,0.974684,0.987342,0.981013,0.012658000000000058,0,0,2,2,2,
P03372,NR3A1,ERα,6SQ0,6SQ0_1,2,0.881857,0.911392,0.8966244999999999,0.029534999999999978,0,0,0,1,2,
P03372,NR3A1,ERα,6SUO,6SUO_1,2,0.848101,0.907173,0.877637,0.05907200000000001,0,0,0,1,2,INSTANCE_COVERAGE_HETEROGENEITY_REVIEW
P03372,NR3A1,ERα,6V87,6V87_1,2,0.886076,0.890295,0.8881855,0.004218999999999973,0,0,0,0,2,
P03372,NR3A1,ERα,6V8T,6V8T_1,2,0.864979,0.886076,0.8755275,0.02109699999999992,0,0,0,0,2,
P03372,NR3A1,ERα,6VGH,6VGH_1,2,0.936709,0.940928,0.9388185,0.004218999999999973,0,0,0,2,2,
P03372,NR3A1,ERα,6VJD,6VJD_1,4,0.970464,0.987342,0.974684,0.01687800000000006,0,0,4,4,4,
P03372,NR3A1,ERα,6VPF,6VPF_1,4,0.978903,0.995781,0.978903,0.01687800000000006,0,1,4,4,4,
P03372,NR3A1,ERα,6WOK,6WOK_1,4,0.92827,0.962025,0.9514765000000001,0.03375499999999998,0,0,2,4,4,
P03372,NR3A1,ERα,6ZOQ,6ZOQ_1,2,0.92827,0.932489,0.9303795,0.004218999999999973,0,0,0,2,2,
P03372,NR3A1,ERα,6ZOR,6ZOR_1,2,0.936709,0.949367,0.943038,0.012657999999999947,0,0,0,2,2,
P03372,NR3A1,ERα,6ZOS,6ZOS_1,2,0.966245,0.970464,0.9683545,0.004218999999999973,0,0,2,2,2,
P03372,NR3A1,ERα,7JHD,7JHD_1,2,0.919831,0.924051,0.9219409999999999,0.0042200000000000015,0,0,0,2,2,
P03372,NR3A1,ERα,7KBS,7KBS_1,2,0.966245,0.991561,0.9789030000000001,0.025316000000000005,0,1,2,2,2,
P03372,NR3A1,ERα,7MSA,7MSA_1,4,0.92827,0.966245,0.934599,0.03797499999999998,0,0,1,4,4,
P03372,NR3A1,ERα,7N9O,7N9O_1,4,0.970464,0.987342,0.983122,0.01687800000000006,0,0,4,4,4,
P03372,NR3A1,ERα,7NDO,7NDO_1,2,0.978903,0.991561,0.985232,0.012658000000000058,0,1,2,2,2,
P03372,NR3A1,ERα,7NEL,7NEL_1,2,0.991561,1.0,0.9957805,0.008438999999999974,1,2,2,2,2,
P03372,NR3A1,ERα,7NFB,7NFB_1,2,0.991561,1.0,0.9957805,0.008438999999999974,1,2,2,2,2,
P03372,NR3A1,ERα,7QVJ,7QVJ_1,2,0.949367,0.970464,0.9599154999999999,0.021097000000000032,0,0,1,2,2,
P03372,NR3A1,ERα,7QVL,7QVL_1,2,0.919831,0.936709,0.9282699999999999,0.01687800000000006,0,0,0,2,2,
P03372,NR3A1,ERα,7RKE,7RKE_1,2,0.915612,0.949367,0.9324895,0.03375499999999998,0,0,0,2,2,
P03372,NR3A1,ERα,7RNM,7RNM_1,2,0.907173,0.949367,0.9282699999999999,0.042193999999999954,0,0,0,2,2,
P03372,NR3A1,ERα,7RRX,7RRX_1,4,0.886076,0.974684,0.936709,0.08860800000000002,0,0,2,3,4,INSTANCE_COVERAGE_HETEROGENEITY_REVIEW
P03372,NR3A1,ERα,7RRY,7RRY_1,4,0.860759,0.953586,0.921941,0.09282699999999999,0,0,1,3,4,INSTANCE_COVERAGE_HETEROGENEITY_REVIEW
P03372,NR3A1,ERα,7RRZ,7RRZ_1,4,0.894515,0.966245,0.943038,0.07173000000000007,0,0,1,3,4,INSTANCE_COVERAGE_HETEROGENEITY_REVIEW
P03372,NR3A1,ERα,7RS0,7RS0_1,4,0.860759,0.995781,0.9388185,0.13502199999999998,0,1,2,3,4,INSTANCE_COVERAGE_HETEROGENEITY_REVIEW
P03372,NR3A1,ERα,7RS1,7RS1_1,4,0.898734,0.957806,0.940928,0.05907200000000001,0,0,1,3,4,INSTANCE_COVERAGE_HETEROGENEITY_REVIEW
P03372,NR3A1,ERα,7RS2,7RS2_1,4,0.936709,0.974684,0.9599155,0.03797499999999998,0,0,3,4,4,
P03372,NR3A1,ERα,7RS3,7RS3_1,4,0.810127,0.966245,0.8881855000000001,0.15611799999999998,0,0,1,2,4,INSTANCE_COVERAGE_HETEROGENEITY_REVIEW
P03372,NR3A1,ERα,7RS4,7RS4_1,4,0.970464,1.0,0.9894515,0.029536000000000007,1,2,4,4,4,
P03372,NR3A1,ERα,7RS7,7RS7_1,4,0.936709,0.983122,0.9810125000000001,0.04641300000000004,0,0,3,4,4,
P03372,NR3A1,ERα,7RS8,7RS8_1,3,0.932489,0.949367,0.945148,0.01687799999999995,0,0,0,3,3,
P03372,NR3A1,ERα,7RS9,7RS9_1,4,0.919831,0.995781,0.951477,0.07595000000000007,0,1,2,4,4,INSTANCE_COVERAGE_HETEROGENEITY_REVIEW
P03372,NR3A1,ERα,7SFO,7SFO_1,2,0.915612,0.949367,0.9324895,0.03375499999999998,0,0,0,2,2,
P03372,NR3A1,ERα,7T2X,7T2X_1,2,0.881857,0.940928,0.9113925,0.059070999999999985,0,0,0,1,2,INSTANCE_COVERAGE_HETEROGENEITY_REVIEW
P03372,NR3A1,ERα,7UJ7,7UJ7_1,4,0.873418,0.919831,0.907173,0.04641299999999993,0,0,0,2,4,
P03372,NR3A1,ERα,7UJ8,7UJ8_1,2,0.886076,0.890295,0.8881855,0.004218999999999973,0,0,0,0,2,
P03372,NR3A1,ERα,7UJC,7UJC_1,2,0.894515,0.936709,0.915612,0.042194000000000065,0,0,0,1,2,
P03372,NR3A1,ERα,7UJF,7UJF_1,4,0.957806,0.983122,0.964135,0.025316000000000005,0,0,4,4,4,
P03372,NR3A1,ERα,7UJM,7UJM_1,4,0.966245,0.991561,0.981013,0.025316000000000005,0,1,4,4,4,
P03372,NR3A1,ERα,7UJO,7UJO_1,4,0.966245,0.991561,0.9767935,0.025316000000000005,0,1,4,4,4,
P03372,NR3A1,ERα,7UJW,7UJW_1,4,0.85654,0.898734,0.8691985,0.042194000000000065,0,0,0,0,4,
P03372,NR3A1,ERα,7UJY,7UJY_1,4,0.940928,0.957806,0.943038,0.01687800000000006,0,0,1,4,4,
P03372,NR3A1,ERα,7WNV,7WNV_1,4,0.890295,0.936709,0.9177215000000001,0.046414000000000066,0,0,0,3,4,
P03372,NR3A1,ERα,7Y8F,7Y8F_1,2,0.894515,0.949367,0.9219409999999999,0.05485200000000001,0,0,0,1,2,INSTANCE_COVERAGE_HETEROGENEITY_REVIEW
P03372,NR3A1,ERα,7Y8G,7Y8G_1,2,0.957806,0.962025,0.9599155,0.004218999999999973,0,0,2,2,2,
P03372,NR3A1,ERα,7YMK,7YMK_1,2,0.898734,0.949367,0.9240505,0.05063299999999993,0,0,0,1,2,INSTANCE_COVERAGE_HETEROGENEITY_REVIEW
P03372,NR3A1,ERα,8DU6,8DU6_1,2,0.924051,0.953586,0.9388185,0.02953500000000009,0,0,1,2,2,
P03372,NR3A1,ERα,8DU8,8DU8_1,2,0.898734,0.970464,0.934599,0.07172999999999996,0,0,1,1,2,INSTANCE_COVERAGE_HETEROGENEITY_REVIEW
P03372,NR3A1,ERα,8DU9,8DU9_1,2,0.886076,0.932489,0.9092825,0.04641300000000004,0,0,0,1,2,
P03372,NR3A1,ERα,8DUB,8DUB_1,2,0.907173,0.953586,0.9303795,0.04641300000000004,0,0,1,2,2,
P03372,NR3A1,ERα,8DUG,8DUG_1,2,0.890295,0.949367,0.919831,0.05907200000000001,0,0,0,1,2,INSTANCE_COVERAGE_HETEROGENEITY_REVIEW
P03372,NR3A1,ERα,8DUH,8DUH_1,2,0.911392,0.962025,0.9367084999999999,0.05063300000000004,0,0,1,2,2,INSTANCE_COVERAGE_HETEROGENEITY_REVIEW
P03372,NR3A1,ERα,8DUI,8DUI_1,2,0.869198,0.949367,0.9092825,0.08016899999999993,0,0,0,1,2,INSTANCE_COVERAGE_HETEROGENEITY_REVIEW
P03372,NR3A1,ERα,8DUK,8DUK_1,4,0.919831,0.978903,0.9514769999999999,0.05907200000000001,0,0,2,4,4,INSTANCE_COVERAGE_HETEROGENEITY_REVIEW
P03372,NR3A1,ERα,8DUS,8DUS_1,6,0.902954,0.974684,0.9409285000000001,0.07172999999999996,0,0,3,6,6,INSTANCE_COVERAGE_HETEROGENEITY_REVIEW
P03372,NR3A1,ERα,8DV5,8DV5_1,2,0.940928,0.957806,0.9493670000000001,0.01687800000000006,0,0,1,2,2,
P03372,NR3A1,ERα,8DV7,8DV7_1,2,0.907173,0.962025,0.934599,0.05485200000000001,0,0,1,2,2,INSTANCE_COVERAGE_HETEROGENEITY_REVIEW
P03372,NR3A1,ERα,8DV8,8DV8_1,2,0.860759,0.911392,0.8860755,0.05063299999999993,0,0,0,1,2,INSTANCE_COVERAGE_HETEROGENEITY_REVIEW
P03372,NR3A1,ERα,8DVB,8DVB_1,2,0.932489,0.983122,0.9578055000000001,0.05063300000000004,0,0,1,2,2,INSTANCE_COVERAGE_HETEROGENEITY_REVIEW
P03372,NR3A1,ERα,8EV2,8EV2_1,2,0.953586,0.957806,0.9556960000000001,0.0042200000000000015,0,0,2,2,2,
P03372,NR3A1,ERα,8VV1,8VV1_1,2,0.886076,0.957806,0.921941,0.07173000000000007,0,0,1,1,2,INSTANCE_COVERAGE_HETEROGENEITY_REVIEW
P03372,NR3A1,ERα,8VYT,8VYT_1,4,0.907173,0.974684,0.9451475,0.06751099999999999,0,0,2,4,4,INSTANCE_COVERAGE_HETEROGENEITY_REVIEW
P03372,NR3A1,ERα,8VYX,8VYX_1,4,0.911392,0.966245,0.9493670000000001,0.05485300000000004,0,0,2,4,4,INSTANCE_COVERAGE_HETEROGENEITY_REVIEW
P03372,NR3A1,ERα,8VZ0,8VZ0_1,4,0.902954,0.978903,0.9388185,0.07594899999999993,0,0,2,4,4,INSTANCE_COVERAGE_HETEROGENEITY_REVIEW
P03372,NR3A1,ERα,8VZ1,8VZ1_1,4,0.919831,0.983122,0.940928,0.0632910000000001,0,0,2,4,4,INSTANCE_COVERAGE_HETEROGENEITY_REVIEW
P03372,NR3A1,ERα,8VZP,8VZP_1,4,0.890295,0.970464,0.9493670000000001,0.08016900000000005,0,0,2,3,4,INSTANCE_COVERAGE_HETEROGENEITY_REVIEW
P03372,NR3A1,ERα,8VZQ,8VZQ_1,4,0.894515,0.974684,0.962025,0.08016900000000005,0,0,3,3,4,INSTANCE_COVERAGE_HETEROGENEITY_REVIEW
P03372,NR3A1,ERα,8W03,8W03_1,4,0.919831,0.995781,0.9746835,0.07595000000000007,0,2,3,4,4,INSTANCE_COVERAGE_HETEROGENEITY_REVIEW
P03372,NR3A1,ERα,8W07,8W07_1,4,0.907173,0.962025,0.9493670000000001,0.05485200000000001,0,0,2,4,4,INSTANCE_COVERAGE_HETEROGENEITY_REVIEW
P03372,NR3A1,ERα,9B25,9B25_1,4,0.953586,0.995781,0.981013,0.04219499999999998,0,2,4,4,4,
P03372,NR3A1,ERα,9B2B,9B2B_1,4,0.890295,0.953586,0.9240505,0.0632910000000001,0,0,2,2,4,INSTANCE_COVERAGE_HETEROGENEITY_REVIEW
P03372,NR3A1,ERα,9BPX,9BPX_1,2,0.936709,0.962025,0.9493670000000001,0.025316000000000005,0,0,1,2,2,
P03372,NR3A1,ERα,9BQE,9BQE_1,2,0.860759,0.932489,0.8966240000000001,0.07172999999999996,0,0,0,1,2,INSTANCE_COVERAGE_HETEROGENEITY_REVIEW
P03372,NR3A1,ERα,9BU1,9BU1_1,2,0.860759,0.92827,0.8945145000000001,0.06751099999999999,0,0,0,1,2,INSTANCE_COVERAGE_HETEROGENEITY_REVIEW
P03372,NR3A1,ERα,9EBG,9EBG_2,2,0.957806,1.0,0.9789030000000001,0.042193999999999954,1,1,2,2,2,
P03372,NR3A1,ERα,9ECK,9ECK_1,4,0.907173,0.962025,0.940928,0.05485200000000001,0,0,2,4,4,INSTANCE_COVERAGE_HETEROGENEITY_REVIEW
P03372,NR3A1,ERα,9VT5,9VT5_1,2,0.873418,0.919831,0.8966244999999999,0.04641299999999993,0,0,0,1,2,
P03372,NR3A1,ERα,9VTU,9VTU_1,2,0.911392,0.949367,0.9303794999999999,0.03797499999999998,0,0,0,2,2,
P03372,NR3A1,ERα,9W11,9W11_1,2,0.949367,0.991561,0.970464,0.042194000000000065,0,1,1,2,2,
P03372,NR3A1,ERα,9W12,9W12_1,2,0.949367,0.991561,0.970464,0.042194000000000065,0,1,1,2,2,
P03372,NR3A1,ERα,9W13,9W13_1,2,0.945148,0.987342,0.966245,0.042194000000000065,0,0,1,2,2,
P03372,NR3A1,ERα,9WB2,9WB2_1,2,0.953586,0.987342,0.970464,0.03375600000000001,0,0,2,2,2,
P04150,NR3C1,GR,1M2Z,1M2Z_1,2,0.995745,1.0,0.9978724999999999,0.004255000000000009,1,2,2,2,2,
P04150,NR3C1,GR,1P93,1P93_1,4,0.965957,0.974468,0.974468,0.008511000000000046,0,0,4,4,4,
P04150,NR3C1,GR,3CLD,3CLD_1,2,0.948936,0.957447,0.9531915,0.008511000000000046,0,0,1,2,2,
P04150,NR3C1,GR,3E7C,3E7C_1,2,0.965957,0.978723,0.97234,0.012766000000000055,0,0,2,2,2,
P04150,NR3C1,GR,3H52,3H52_1,4,0.92766,0.982979,0.9595745,0.05531900000000001,0,0,2,4,4,INSTANCE_COVERAGE_HETEROGENEITY_REVIEW
P04150,NR3C1,GR,3K22,3K22_1,2,0.987234,0.987234,0.987234,0.0,0,0,2,2,2,
P04150,NR3C1,GR,3K23,3K23_1,3,0.965957,0.987234,0.974468,0.02127699999999999,0,0,3,3,3,
P04150,NR3C1,GR,4MDD,4MDD_1,2,0.897872,0.974468,0.93617,0.076596,0,0,1,1,2,INSTANCE_COVERAGE_HETEROGENEITY_REVIEW
P04150,NR3C1,GR,4P6X,4P6X_1,6,0.991489,1.0,1.0,0.008511000000000046,5,6,6,6,6,
P04150,NR3C1,GR,5UC3,5UC3_1,2,0.940426,0.944681,0.9425535,0.004255000000000009,0,0,0,2,2,
P04150,NR3C1,GR,6DXK,6DXK_1,2,0.974468,0.974468,0.974468,0.0,0,0,2,2,2,
P04150,NR3C1,GR,6YMO,6YMO_2,2,0.021277,0.025532,0.0234045,0.004254999999999998,0,0,0,0,0,
P04150,NR3C1,GR,6YO8,6YO8_2,4,0.029787,0.029787,0.029787,0.0,0,0,0,0,0,
P04150,NR3C1,GR,7PRV,7PRV_1,2,0.982979,0.987234,0.9851065,0.004254999999999898,0,0,2,2,2,
P04150,NR3C1,GR,7PRW,7PRW_1,2,0.991489,0.991489,0.991489,0.0,0,2,2,2,2,
P04150,NR3C1,GR,8A9G,8A9G_2,2,0.029787,0.029787,0.029787,0.0,0,0,0,0,0,
P04150,NR3C1,GR,8VKZ,8VKZ_1,2,0.93617,0.940426,0.938298,0.0042560000000000375,0,0,0,2,2,
P06401,NR3C3,PR,1A28,1A28_1,2,0.982979,0.987234,0.9851065,0.004254999999999898,0,0,2,2,2,
P06401,NR3C3,PR,1E3K,1E3K_1,2,0.982979,0.987234,0.9851065,0.004254999999999898,0,0,2,2,2,
P06401,NR3C3,PR,1SQN,1SQN_1,2,0.974468,0.978723,0.9765955,0.004255000000000009,0,0,2,2,2,
P06401,NR3C3,PR,1SR7,1SR7_1,2,0.978723,0.982979,0.980851,0.0042560000000000375,0,0,2,2,2,
P06401,NR3C3,PR,1ZUC,1ZUC_1,2,0.987234,0.987234,0.987234,0.0,0,0,2,2,2,
P06401,NR3C3,PR,2W8Y,2W8Y_1,2,0.982979,0.982979,0.982979,0.0,0,0,2,2,2,
P06401,NR3C3,PR,38KC,38KC_1,2,0.965957,0.982979,0.974468,0.017022000000000093,0,0,2,2,2,
P06401,NR3C3,PR,3D90,3D90_1,2,0.974468,0.978723,0.9765955,0.004255000000000009,0,0,2,2,2,
P06401,NR3C3,PR,3G8O,3G8O_1,2,0.982979,0.982979,0.982979,0.0,0,0,2,2,2,
P06401,NR3C3,PR,3HQ5,3HQ5_1,2,0.965957,0.987234,0.9765955,0.02127699999999999,0,0,2,2,2,
P06401,NR3C3,PR,3KBA,3KBA_1,2,0.953191,0.987234,0.9702124999999999,0.034042999999999934,0,0,2,2,2,
P06401,NR3C3,PR,3ZR7,3ZR7_1,2,0.965957,0.982979,0.974468,0.017022000000000093,0,0,2,2,2,
P06401,NR3C3,PR,3ZRA,3ZRA_1,2,0.982979,0.982979,0.982979,0.0,0,0,2,2,2,
P06401,NR3C3,PR,3ZRB,3ZRB_1,2,0.982979,0.982979,0.982979,0.0,0,0,2,2,2,
P06401,NR3C3,PR,4A2J,4A2J_1,2,0.982979,0.982979,0.982979,0.0,0,0,2,2,2,
P06401,NR3C3,PR,4APU,4APU_1,2,0.982979,0.982979,0.982979,0.0,0,0,2,2,2,
P08235,NR3C2,MR,1Y9R,1Y9R_1,2,0.912134,0.920502,0.916318,0.008368000000000042,0,0,0,2,2,
P08235,NR3C2,MR,1YA3,1YA3_1,3,0.887029,0.899582,0.895397,0.012553000000000036,0,0,0,0,3,
P08235,NR3C2,MR,2AA5,2AA5_1,2,0.974895,0.979079,0.976987,0.0041840000000000765,0,0,2,2,2,
P08235,NR3C2,MR,2AA6,2AA6_1,2,0.991632,0.995816,0.993724,0.0041840000000000765,0,2,2,2,2,
P08235,NR3C2,MR,2AAX,2AAX_1,2,0.987448,0.995816,0.9916320000000001,0.008368000000000042,0,1,2,2,2,
P08235,NR3C2,MR,2AB2,2AB2_1,2,0.995816,0.995816,0.995816,0.0,0,2,2,2,2,
P08235,NR3C2,MR,2ABI,2ABI_1,3,0.887029,0.903766,0.903766,0.016737000000000002,0,0,0,2,3,
P08235,NR3C2,MR,2OAX,2OAX_1,6,0.899582,0.920502,0.901674,0.02092000000000005,0,0,0,3,6,
P08235,NR3C2,MR,5HCV,5HCV_1,3,0.895397,0.912134,0.895397,0.016737000000000002,0,0,0,1,3,
P08235,NR3C2,MR,6L88,6L88_1,4,0.694561,0.74477,0.717573,0.05020900000000006,0,0,0,0,0,INSTANCE_COVERAGE_HETEROGENEITY_REVIEW
P10275,NR3C4,AR,5JJM,5JJM_1,3,0.99569,1.0,1.0,0.004310000000000036,2,3,3,3,3,
P10276,NR1B1,RARα,3KMZ,3KMZ_1,2,0.931915,0.931915,0.931915,0.0,0,0,0,2,2,
P10276,NR1B1,RARα,4DQM,4DQM_1,2,0.991489,0.991489,0.991489,0.0,0,2,2,2,2,
P10276,NR1B1,RARα,7APO,7APO_1,2,0.987234,0.991489,0.9893615,0.004255000000000009,0,1,2,2,2,
P10588,NR2F6,EAR-2,8C5L,8C5L_1,2,0.816594,0.816594,0.816594,0.0,0,0,0,0,2,
P10826,NR1B2,RARβ,4DM6,4DM6_1,2,0.991489,0.995745,0.993617,0.0042560000000000375,0,2,2,2,2,
P10826,NR1B2,RARβ,4DM8,4DM8_1,2,0.970213,0.995745,0.982979,0.025532,0,1,2,2,2,
P10826,NR1B2,RARβ,4JYG,4JYG_1,2,0.991489,0.991489,0.991489,0.0,0,2,2,2,2,
P10826,NR1B2,RARβ,4JYH,4JYH_1,2,0.991489,0.991489,0.991489,0.0,0,2,2,2,2,
P10826,NR1B2,RARβ,4JYI,4JYI_1,2,0.991489,0.991489,0.991489,0.0,0,2,2,2,2,
P10826,NR1B2,RARβ,6SSQ,6SSQ_1,2,0.991489,0.991489,0.991489,0.0,0,2,2,2,2,
P10828,NR1A2,TRβ,1BSX,1BSX_1,2,0.967347,0.967347,0.967347,0.0,0,0,2,2,2,
P10828,NR1A2,TRβ,1N46,1N46_1,2,0.95102,0.987755,0.9693875000000001,0.03673500000000007,0,0,2,2,2,
P10828,NR1A2,TRβ,2PIN,2PIN_1,2,0.971429,0.995918,0.9836735,0.024488999999999983,0,1,2,2,2,
P10828,NR1A2,TRβ,3D57,3D57_1,2,0.971429,0.987755,0.979592,0.016326000000000063,0,0,2,2,2,
P10828,NR1A2,TRβ,9J0K,9J0K_1,2,0.955102,0.97551,0.965306,0.02040799999999998,0,0,2,2,2,
P11474,NR3B1,ERRα,2PJL,2PJL_1,2,0.921397,0.921397,0.921397,0.0,0,0,0,2,2,
P11474,NR3B1,ERRα,3D24,3D24_1,2,0.912664,0.930131,0.9213975000000001,0.01746700000000001,0,0,0,2,2,
P11474,NR3B1,ERRα,7E2E,7E2E_1,2,0.930131,0.930131,0.930131,0.0,0,0,0,2,2,
P19793,NR2B1,RXRα,1FBY,1FBY_1,2,0.913793,0.922414,0.9181035,0.00862099999999999,0,0,0,2,2,
P19793,NR2B1,RXRα,1FM6,1FM6_1,2,1.0,1.0,1.0,0.0,2,2,2,2,2,
P19793,NR2B1,RXRα,1G1U,1G1U_1,4,0.974138,0.982759,0.982759,0.0086210000000001,0,0,4,4,4,
P19793,NR2B1,RXRα,1G5Y,1G5Y_1,4,0.974138,0.982759,0.982759,0.0086210000000001,0,0,4,4,4,
P19793,NR2B1,RXRα,1MZN,1MZN_1,4,0.913793,0.965517,0.9396549999999999,0.05172399999999999,0,0,2,4,4,INSTANCE_COVERAGE_HETEROGENEITY_REVIEW
P19793,NR2B1,RXRα,1XLS,1XLS_1,4,1.0,1.0,1.0,0.0,4,4,4,4,4,
P19793,NR2B1,RXRα,1XV9,1XV9_1,2,1.0,1.0,1.0,0.0,2,2,2,2,2,
P19793,NR2B1,RXRα,1XVP,1XVP_1,2,1.0,1.0,1.0,0.0,2,2,2,2,2,
P19793,NR2B1,RXRα,2ACL,2ACL_1,4,0.913793,0.918103,0.913793,0.004310000000000036,0,0,0,4,4,
P19793,NR2B1,RXRα,2ZY0,2ZY0_1,2,0.926724,0.926724,0.926724,0.0,0,0,0,2,2,
P19793,NR2B1,RXRα,3FAL,3FAL_1,2,0.844828,0.844828,0.844828,0.0,0,0,0,0,2,
P19793,NR2B1,RXRα,3FC6,3FC6_1,2,0.862069,0.883621,0.872845,0.021552000000000016,0,0,0,0,2,
P19793,NR2B1,RXRα,3NSP,3NSP_1,2,0.801724,0.831897,0.8168105,0.030173000000000005,0,0,0,0,2,
P19793,NR2B1,RXRα,3NSQ,3NSQ_1,2,0.831897,0.840517,0.8362069999999999,0.008619999999999961,0,0,0,0,2,
P19793,NR2B1,RXRα,3OZJ,3OZJ_1,2,0.926724,0.926724,0.926724,0.0,0,0,0,2,2,
P19793,NR2B1,RXRα,3R29,3R29_1,2,0.913793,0.913793,0.913793,0.0,0,0,0,2,2,
P19793,NR2B1,RXRα,3R2A,3R2A_1,4,0.875,0.931034,0.913793,0.05603400000000003,0,0,0,3,4,INSTANCE_COVERAGE_HETEROGENEITY_REVIEW
P19793,NR2B1,RXRα,3R5M,3R5M_1,2,0.918103,0.926724,0.9224135,0.00862099999999999,0,0,0,2,2,
P19793,NR2B1,RXRα,4J5W,4J5W_2,2,0.931034,0.931034,0.931034,0.0,0,0,0,2,2,
P19793,NR2B1,RXRα,4J5X,4J5X_1,2,0.978448,0.982759,0.9806035,0.004311000000000065,0,0,2,2,2,
P19793,NR2B1,RXRα,4N5G,4N5G_1,4,0.844828,0.900862,0.8728450000000001,0.05603400000000003,0,0,0,2,4,INSTANCE_COVERAGE_HETEROGENEITY_REVIEW
P19793,NR2B1,RXRα,4N8R,4N8R_1,4,0.844828,0.853448,0.844828,0.008619999999999961,0,0,0,0,4,
P19793,NR2B1,RXRα,4NQA,4NQA_1,2,0.943966,0.987069,0.9655175,0.043103,0,0,1,2,2,
P19793,NR2B1,RXRα,5MK4,5MK4_1,2,0.922414,0.926724,0.924569,0.004310000000000036,0,0,0,2,2,
P19793,NR2B1,RXRα,5TBP,5TBP_1,4,0.844828,0.918103,0.8814655,0.07327499999999998,0,0,0,2,4,INSTANCE_COVERAGE_HETEROGENEITY_REVIEW
P19793,NR2B1,RXRα,5Z12,5Z12_2,2,0.875,0.935345,0.9051724999999999,0.06034499999999998,0,0,0,1,2,INSTANCE_COVERAGE_HETEROGENEITY_REVIEW
P19793,NR2B1,RXRα,5ZQU,5ZQU_1,4,0.840517,0.853448,0.846983,0.012931000000000026,0,0,0,0,4,
P19793,NR2B1,RXRα,6A5Z,6A5Z_2,2,0.896552,0.913793,0.9051724999999999,0.01724099999999995,0,0,0,1,2,
P19793,NR2B1,RXRα,6JNO,6JNO_1,4,0.831897,0.875,0.851293,0.043103,0,0,0,0,4,
P19793,NR2B1,RXRα,6JNR,6JNR_1,2,0.918103,0.922414,0.9202585,0.004310999999999954,0,0,0,2,2,
P19793,NR2B1,RXRα,6LB5,6LB5_1,2,0.909483,0.948276,0.9288795000000001,0.038792999999999966,0,0,0,2,2,
P19793,NR2B1,RXRα,7BK4,7BK4_1,2,0.905172,0.961207,0.9331895,0.05603500000000006,0,0,1,2,2,INSTANCE_COVERAGE_HETEROGENEITY_REVIEW
P19793,NR2B1,RXRα,7CFO,7CFO_1,4,0.806034,0.887931,0.8599140000000001,0.081897,0,0,0,0,4,INSTANCE_COVERAGE_HETEROGENEITY_REVIEW
P19793,NR2B1,RXRα,7NKE,7NKE_1,2,0.918103,0.918103,0.918103,0.0,0,0,0,2,2,
P22736,NR4A1,NUR77,2QW4,2QW4_1,4,0.957627,0.974576,0.9682200000000001,0.016948999999999992,0,0,4,4,4,
P22736,NR4A1,NUR77,3V3E,3V3E_1,2,0.978814,0.991525,0.9851695,0.012711000000000028,0,1,2,2,2,
P22736,NR4A1,NUR77,3V3Q,3V3Q_1,2,0.978814,0.995763,0.9872885,0.016948999999999992,0,1,2,2,2,
P22736,NR4A1,NUR77,4JGV,4JGV_1,2,0.944915,0.974576,0.9597454999999999,0.02966100000000005,0,0,1,2,2,
P22736,NR4A1,NUR77,4KZI,4KZI_1,2,0.970339,0.978814,0.9745765,0.00847500000000001,0,0,2,2,2,
P22736,NR4A1,NUR77,4KZJ,4KZJ_1,2,0.957627,0.966102,0.9618645,0.00847500000000001,0,0,2,2,2,
P22736,NR4A1,NUR77,4KZM,4KZM_1,2,0.961864,0.974576,0.9682200000000001,0.012711999999999946,0,0,2,2,2,
P22736,NR4A1,NUR77,4RE8,4RE8_1,2,0.949153,0.974576,0.9618645,0.025422999999999973,0,0,1,2,2,
P22736,NR4A1,NUR77,4REE,4REE_1,2,0.974576,0.978814,0.976695,0.004237999999999964,0,0,2,2,2,
P22736,NR4A1,NUR77,4REF,4REF_1,2,0.966102,0.983051,0.9745765,0.016948999999999992,0,0,2,2,2,
P22736,NR4A1,NUR77,4RZE,4RZE_1,2,0.957627,0.970339,0.963983,0.012711999999999946,0,0,2,2,2,
P22736,NR4A1,NUR77,4RZF,4RZF_1,2,0.970339,0.974576,0.9724575,0.004237000000000046,0,0,2,2,2,
P22736,NR4A1,NUR77,4RZG,4RZG_1,2,0.974576,0.983051,0.9788135,0.00847500000000001,0,0,2,2,2,
P22736,NR4A1,NUR77,4WHF,4WHF_1,2,0.957627,0.966102,0.9618645,0.00847500000000001,0,0,2,2,2,
P22736,NR4A1,NUR77,4WHG,4WHG_1,2,0.970339,0.978814,0.9745765,0.00847500000000001,0,0,2,2,2,
P22736,NR4A1,NUR77,6KZ5,6KZ5_1,2,0.966102,0.978814,0.972458,0.012711999999999946,0,0,2,2,2,
P22736,NR4A1,NUR77,8WUY,8WUY_1,2,0.944915,0.966102,0.9555085,0.021187000000000067,0,0,1,2,2,
P22736,NR4A1,NUR77,8Y7L,8Y7L_1,2,0.961864,0.966102,0.963983,0.004237999999999964,0,0,2,2,2,
P22736,NR4A1,NUR77,8Z5A,8Z5A_1,2,0.949153,0.95339,0.9512715,0.004236999999999935,0,0,1,2,2,
P22736,NR4A1,NUR77,9M2E,9M2E_1,2,0.944915,0.961864,0.9533895,0.016949000000000103,0,0,1,2,2,
P22736,NR4A1,NUR77,9V5K,9V5K_1,2,0.932203,0.974576,0.9533895,0.042372999999999994,0,0,1,2,2,
P28702,NR2B2,RXRβ,1H9U,1H9U_1,4,0.858974,0.858974,0.858974,0.0,0,0,0,0,4,
P28702,NR2B2,RXRβ,5HJP,5HJP_1,2,0.884615,0.888889,0.886752,0.004274,0,0,0,0,2,
P28702,NR2B2,RXRβ,5I4V,5I4V_2,2,0.880342,0.884615,0.8824784999999999,0.004273000000000082,0,0,0,0,2,
P28702,NR2B2,RXRβ,5KYA,5KYA_2,2,0.880342,0.880342,0.880342,0.0,0,0,0,0,2,
P28702,NR2B2,RXRβ,5KYJ,5KYJ_2,2,0.884615,0.888889,0.886752,0.004274,0,0,0,0,2,
P35398,NR1F1,RORα,4S15,4S15_1,2,1.0,1.0,1.0,0.0,2,2,2,2,2,
P37231,NR1C3,PPARγ,1FM6,1FM6_2,2,1.0,1.0,1.0,0.0,2,2,2,2,2,
P37231,NR1C3,PPARγ,1I7I,1I7I_1,2,0.954887,0.958647,0.956767,0.0037599999999999856,0,0,2,2,2,
P37231,NR1C3,PPARγ,1KNU,1KNU_1,2,0.958647,0.969925,0.964286,0.01127800000000001,0,0,2,2,2,
P37231,NR1C3,PPARγ,1NYX,1NYX_1,2,0.943609,0.954887,0.9492480000000001,0.01127800000000001,0,0,1,2,2,
P37231,NR1C3,PPARγ,1PRG,1PRG_1,2,1.0,1.0,1.0,0.0,2,2,2,2,2,
P37231,NR1C3,PPARγ,1ZEO,1ZEO_1,2,0.917293,0.969925,0.943609,0.05263200000000001,0,0,1,2,2,INSTANCE_COVERAGE_HETEROGENEITY_REVIEW
P37231,NR1C3,PPARγ,2ATH,2ATH_1,2,1.0,1.0,1.0,0.0,2,2,2,2,2,
P37231,NR1C3,PPARγ,2F4B,2F4B_1,2,1.0,1.0,1.0,0.0,2,2,2,2,2,
P37231,NR1C3,PPARγ,2G0G,2G0G_1,2,1.0,1.0,1.0,0.0,2,2,2,2,2,
P37231,NR1C3,PPARγ,2G0H,2G0H_1,2,1.0,1.0,1.0,0.0,2,2,2,2,2,
P37231,NR1C3,PPARγ,2HWQ,2HWQ_1,2,0.93985,0.962406,0.951128,0.02255600000000002,0,0,1,2,2,
P37231,NR1C3,PPARγ,2HWR,2HWR_1,2,0.93985,0.962406,0.951128,0.02255600000000002,0,0,1,2,2,
P37231,NR1C3,PPARγ,2I4J,2I4J_1,2,0.958647,0.966165,0.9624060000000001,0.007518000000000025,0,0,2,2,2,
P37231,NR1C3,PPARγ,2I4P,2I4P_1,2,0.958647,0.966165,0.9624060000000001,0.007518000000000025,0,0,2,2,2,
P37231,NR1C3,PPARγ,2I4Z,2I4Z_1,2,0.958647,0.966165,0.9624060000000001,0.007518000000000025,0,0,2,2,2,
P37231,NR1C3,PPARγ,2OM9,2OM9_1,4,0.962406,1.0,0.981203,0.037594000000000016,2,2,4,4,4,
P37231,NR1C3,PPARγ,2P4Y,2P4Y_1,2,0.842105,0.890977,0.866541,0.04887200000000003,0,0,0,0,2,
P37231,NR1C3,PPARγ,2POB,2POB_1,2,0.913534,0.947368,0.9304509999999999,0.03383400000000003,0,0,0,2,2,
P37231,NR1C3,PPARγ,2PRG,2PRG_1,2,0.906015,1.0,0.9530075,0.09398499999999999,1,1,1,2,2,INSTANCE_COVERAGE_HETEROGENEITY_REVIEW
P37231,NR1C3,PPARγ,2Q5P,2Q5P_1,2,0.909774,0.947368,0.928571,0.037594000000000016,0,0,0,2,2,
P37231,NR1C3,PPARγ,2Q5S,2Q5S_1,2,0.947368,0.954887,0.9511275,0.007519000000000053,0,0,1,2,2,
P37231,NR1C3,PPARγ,2Q61,2Q61_1,2,0.951128,0.958647,0.9548875,0.007519000000000053,0,0,2,2,2,
P37231,NR1C3,PPARγ,2Q6R,2Q6R_1,2,0.868421,0.951128,0.9097744999999999,0.08270699999999997,0,0,1,1,2,INSTANCE_COVERAGE_HETEROGENEITY_REVIEW
P37231,NR1C3,PPARγ,2Q6S,2Q6S_1,2,0.93985,0.943609,0.9417295,0.003759000000000068,0,0,0,2,2,
P37231,NR1C3,PPARγ,2Q8S,2Q8S_1,2,0.93985,0.943609,0.9417295,0.003759000000000068,0,0,0,2,2,
P37231,NR1C3,PPARγ,2VSR,2VSR_1,2,0.947368,0.954887,0.9511275,0.007519000000000053,0,0,1,2,2,
P37231,NR1C3,PPARγ,2VST,2VST_1,2,0.921053,0.954887,0.93797,0.03383400000000003,0,0,1,2,2,
P37231,NR1C3,PPARγ,2VV0,2VV0_1,2,0.93609,0.947368,0.941729,0.01127800000000001,0,0,0,2,2,
P37231,NR1C3,PPARγ,2VV2,2VV2_1,2,0.951128,0.954887,0.9530075,0.003759000000000068,0,0,2,2,2,
P37231,NR1C3,PPARγ,2VV3,2VV3_1,2,0.913534,0.954887,0.9342105,0.041353000000000084,0,0,1,2,2,
P37231,NR1C3,PPARγ,2XKW,2XKW_1,2,0.951128,0.951128,0.951128,0.0,0,0,2,2,2,
P37231,NR1C3,PPARγ,2YFE,2YFE_1,2,0.958647,0.977444,0.9680455,0.018796999999999953,0,0,2,2,2,
P37231,NR1C3,PPARγ,2ZK0,2ZK0_1,2,0.962406,1.0,0.981203,0.037594000000000016,1,1,2,2,2,
P37231,NR1C3,PPARγ,2ZK1,2ZK1_1,2,0.977444,1.0,0.988722,0.02255600000000002,1,1,2,2,2,
P37231,NR1C3,PPARγ,2ZK2,2ZK2_1,2,0.977444,1.0,0.988722,0.02255600000000002,1,1,2,2,2,
P37231,NR1C3,PPARγ,2ZK3,2ZK3_1,2,0.977444,1.0,0.988722,0.02255600000000002,1,1,2,2,2,
P37231,NR1C3,PPARγ,2ZK4,2ZK4_1,2,0.977444,1.0,0.988722,0.02255600000000002,1,1,2,2,2,
P37231,NR1C3,PPARγ,2ZK5,2ZK5_1,2,0.977444,1.0,0.988722,0.02255600000000002,1,1,2,2,2,
P37231,NR1C3,PPARγ,2ZK6,2ZK6_1,2,0.973684,1.0,0.986842,0.026316000000000006,1,1,2,2,2,
P37231,NR1C3,PPARγ,2ZNO,2ZNO_1,2,0.932331,0.969925,0.951128,0.037594000000000016,0,0,1,2,2,
P37231,NR1C3,PPARγ,2ZVT,2ZVT_1,2,0.977444,1.0,0.988722,0.02255600000000002,1,1,2,2,2,
P37231,NR1C3,PPARγ,3ADS,3ADS_1,2,0.932331,0.954887,0.943609,0.02255600000000002,0,0,1,2,2,
P37231,NR1C3,PPARγ,3ADT,3ADT_1,2,0.943609,0.954887,0.9492480000000001,0.01127800000000001,0,0,1,2,2,
P37231,NR1C3,PPARγ,3ADU,3ADU_1,2,0.943609,0.969925,0.956767,0.026316000000000006,0,0,1,2,2,
P37231,NR1C3,PPARγ,3ADV,3ADV_1,2,0.954887,0.954887,0.954887,0.0,0,0,2,2,2,
P37231,NR1C3,PPARγ,3ADW,3ADW_1,2,0.966165,1.0,0.9830825000000001,0.03383499999999995,1,1,2,2,2,
P37231,NR1C3,PPARγ,3ADX,3ADX_1,2,0.932331,1.0,0.9661655,0.06766899999999998,1,1,1,2,2,INSTANCE_COVERAGE_HETEROGENEITY_REVIEW
P37231,NR1C3,PPARγ,3AN3,3AN3_1,2,0.951128,0.958647,0.9548875,0.007519000000000053,0,0,2,2,2,
P37231,NR1C3,PPARγ,3AN4,3AN4_1,2,0.951128,0.962406,0.9567669999999999,0.01127800000000001,0,0,2,2,2,
P37231,NR1C3,PPARγ,3B0Q,3B0Q_1,2,0.909774,0.954887,0.9323305,0.04511300000000007,0,0,1,2,2,
P37231,NR1C3,PPARγ,3B0R,3B0R_1,2,0.909774,0.954887,0.9323305,0.04511300000000007,0,0,1,2,2,
P37231,NR1C3,PPARγ,3B3K,3B3K_1,2,0.951128,0.951128,0.951128,0.0,0,0,2,2,2,
P37231,NR1C3,PPARγ,3CDP,3CDP_1,2,0.951128,0.951128,0.951128,0.0,0,0,2,2,2,
P37231,NR1C3,PPARγ,3CDS,3CDS_1,2,0.951128,0.951128,0.951128,0.0,0,0,2,2,2,
P37231,NR1C3,PPARγ,3CWD,3CWD_1,2,0.951128,0.966165,0.9586465,0.015037000000000078,0,0,2,2,2,
P37231,NR1C3,PPARγ,3D6D,3D6D_1,2,0.951128,0.951128,0.951128,0.0,0,0,2,2,2,
P37231,NR1C3,PPARγ,3ET0,3ET0_1,2,0.954887,0.954887,0.954887,0.0,0,0,2,2,2,
P37231,NR1C3,PPARγ,3GBK,3GBK_1,2,1.0,1.0,1.0,0.0,2,2,2,2,2,
P37231,NR1C3,PPARγ,3HO0,3HO0_1,2,0.951128,0.951128,0.951128,0.0,0,0,2,2,2,
P37231,NR1C3,PPARγ,3HOD,3HOD_1,2,0.951128,0.951128,0.951128,0.0,0,0,2,2,2,
P37231,NR1C3,PPARγ,3IA6,3IA6_1,2,0.943609,0.947368,0.9454885,0.003758999999999957,0,0,0,2,2,
P37231,NR1C3,PPARγ,3K8S,3K8S_1,2,0.951128,0.969925,0.9605265000000001,0.018797000000000064,0,0,2,2,2,
P37231,NR1C3,PPARγ,3KMG,3KMG_1,2,0.951128,0.966165,0.9586465,0.015037000000000078,0,0,2,2,2,
P37231,NR1C3,PPARγ,3NOA,3NOA_1,2,1.0,1.0,1.0,0.0,2,2,2,2,2,
P37231,NR1C3,PPARγ,3OSI,3OSI_1,2,0.913534,0.954887,0.9342105,0.041353000000000084,0,0,1,2,2,
P37231,NR1C3,PPARγ,3OSW,3OSW_1,2,0.921053,0.958647,0.9398500000000001,0.037594000000000016,0,0,1,2,2,
P37231,NR1C3,PPARγ,3PBA,3PBA_1,2,0.928571,0.958647,0.943609,0.03007599999999999,0,0,1,2,2,
P37231,NR1C3,PPARγ,3PO9,3PO9_1,2,0.917293,0.954887,0.9360900000000001,0.037594000000000016,0,0,1,2,2,
P37231,NR1C3,PPARγ,3R8A,3R8A_1,2,0.883459,0.932331,0.907895,0.04887200000000003,0,0,0,1,2,
P37231,NR1C3,PPARγ,3R8I,3R8I_1,2,0.921053,1.0,0.9605265000000001,0.07894699999999999,1,1,1,2,2,INSTANCE_COVERAGE_HETEROGENEITY_REVIEW
P37231,NR1C3,PPARγ,3SZ1,3SZ1_1,2,0.954887,0.954887,0.954887,0.0,0,0,2,2,2,
P37231,NR1C3,PPARγ,3T03,3T03_1,2,0.928571,0.988722,0.9586465,0.060150999999999955,0,0,1,2,2,INSTANCE_COVERAGE_HETEROGENEITY_REVIEW
P37231,NR1C3,PPARγ,3TY0,3TY0_1,2,1.0,1.0,1.0,0.0,2,2,2,2,2,
P37231,NR1C3,PPARγ,3VJH,3VJH_1,2,0.913534,0.951128,0.932331,0.037594000000000016,0,0,1,2,2,
P37231,NR1C3,PPARγ,3VJI,3VJI_1,2,0.909774,0.954887,0.9323305,0.04511300000000007,0,0,1,2,2,
P37231,NR1C3,PPARγ,3VSO,3VSO_1,2,0.966165,0.966165,0.966165,0.0,0,0,2,2,2,
P37231,NR1C3,PPARγ,3VSP,3VSP_1,2,0.962406,0.966165,0.9642855,0.003759000000000068,0,0,2,2,2,
P37231,NR1C3,PPARγ,3WJ4,3WJ4_1,2,0.943609,0.947368,0.9454885,0.003758999999999957,0,0,0,2,2,
P37231,NR1C3,PPARγ,3WJ5,3WJ5_1,2,0.93985,0.947368,0.9436089999999999,0.007518000000000025,0,0,0,2,2,
P37231,NR1C3,PPARγ,3WMH,3WMH_1,2,0.951128,0.969925,0.9605265000000001,0.018797000000000064,0,0,2,2,2,
P37231,NR1C3,PPARγ,3X1H,3X1H_1,2,0.947368,0.951128,0.949248,0.0037599999999999856,0,0,1,2,2,
P37231,NR1C3,PPARγ,3X1I,3X1I_1,2,0.890977,0.951128,0.9210525,0.060150999999999955,0,0,1,1,2,INSTANCE_COVERAGE_HETEROGENEITY_REVIEW
P37231,NR1C3,PPARγ,4A4V,4A4V_1,2,0.958647,0.981203,0.969925,0.02255600000000002,0,0,2,2,2,
P37231,NR1C3,PPARγ,4A4W,4A4W_1,2,0.954887,0.977444,0.9661655,0.022556999999999938,0,0,2,2,2,
P37231,NR1C3,PPARγ,4CI5,4CI5_1,2,0.954887,0.958647,0.956767,0.0037599999999999856,0,0,2,2,2,
P37231,NR1C3,PPARγ,4E4K,4E4K_1,2,0.984962,0.996241,0.9906015,0.011279000000000039,0,1,2,2,2,
P37231,NR1C3,PPARγ,4E4Q,4E4Q_1,2,0.984962,0.996241,0.9906015,0.011279000000000039,0,1,2,2,2,
P37231,NR1C3,PPARγ,4EM9,4EM9_1,2,0.902256,0.954887,0.9285715,0.052631000000000094,0,0,1,2,2,INSTANCE_COVERAGE_HETEROGENEITY_REVIEW
P37231,NR1C3,PPARγ,4EMA,4EMA_1,2,0.906015,0.943609,0.924812,0.037594000000000016,0,0,0,2,2,
P37231,NR1C3,PPARγ,4JAZ,4JAZ_1,2,0.981203,0.996241,0.9887220000000001,0.015037999999999996,0,1,2,2,2,
P37231,NR1C3,PPARγ,4JL4,4JL4_1,2,0.981203,0.996241,0.9887220000000001,0.015037999999999996,0,1,2,2,2,
P37231,NR1C3,PPARγ,4L98,4L98_1,2,0.902256,0.951128,0.926692,0.04887200000000003,0,0,1,2,2,
P37231,NR1C3,PPARγ,4O8F,4O8F_1,2,0.917293,0.928571,0.9229320000000001,0.01127800000000001,0,0,0,2,2,
P37231,NR1C3,PPARγ,4PRG,4PRG_1,4,1.0,1.0,1.0,0.0,4,4,4,4,4,
P37231,NR1C3,PPARγ,4PVU,4PVU_1,2,0.93609,0.954887,0.9454885,0.018797000000000064,0,0,1,2,2,
P37231,NR1C3,PPARγ,4PWL,4PWL_1,2,0.928571,0.947368,0.9379695,0.018796999999999953,0,0,0,2,2,
P37231,NR1C3,PPARγ,4R06,4R06_1,2,0.932331,0.93985,0.9360904999999999,0.007518999999999942,0,0,0,2,2,
P37231,NR1C3,PPARγ,4R2U,4R2U_1,2,0.954887,0.958647,0.956767,0.0037599999999999856,0,0,2,2,2,
P37231,NR1C3,PPARγ,4R6S,4R6S_1,2,0.943609,0.954887,0.9492480000000001,0.01127800000000001,0,0,1,2,2,
P37231,NR1C3,PPARγ,4XTA,4XTA_1,2,0.906015,0.924812,0.9154135,0.018796999999999953,0,0,0,2,2,
P37231,NR1C3,PPARγ,4XUH,4XUH_1,2,0.951128,0.973684,0.962406,0.02255600000000002,0,0,2,2,2,
P37231,NR1C3,PPARγ,4XUM,4XUM_1,2,0.958647,0.958647,0.958647,0.0,0,0,2,2,2,
P37231,NR1C3,PPARγ,4YT1,4YT1_1,2,0.954887,0.958647,0.956767,0.0037599999999999856,0,0,2,2,2,
P37231,NR1C3,PPARγ,5AZV,5AZV_1,2,0.913534,0.954887,0.9342105,0.041353000000000084,0,0,1,2,2,
P37231,NR1C3,PPARγ,5F9B,5F9B_1,2,0.928571,0.943609,0.9360900000000001,0.015037999999999996,0,0,0,2,2,
P37231,NR1C3,PPARγ,5HZC,5HZC_1,2,0.928571,0.932331,0.930451,0.0037599999999999856,0,0,0,2,2,
P37231,NR1C3,PPARγ,5LSG,5LSG_1,2,0.951128,0.966165,0.9586465,0.015037000000000078,0,0,2,2,2,
P37231,NR1C3,PPARγ,5TTO,5TTO_1,2,0.958647,0.958647,0.958647,0.0,0,0,2,2,2,
P37231,NR1C3,PPARγ,5U5L,5U5L_1,2,0.93985,0.951128,0.945489,0.01127800000000001,0,0,1,2,2,
P37231,NR1C3,PPARγ,5UGM,5UGM_1,2,1.0,1.0,1.0,0.0,2,2,2,2,2,
P37231,NR1C3,PPARγ,5WQX,5WQX_1,2,0.913534,0.954887,0.9342105,0.041353000000000084,0,0,1,2,2,
P37231,NR1C3,PPARγ,5WR0,5WR0_1,2,0.913534,0.954887,0.9342105,0.041353000000000084,0,0,1,2,2,
P37231,NR1C3,PPARγ,5WR1,5WR1_1,2,0.913534,0.954887,0.9342105,0.041353000000000084,0,0,1,2,2,
P37231,NR1C3,PPARγ,5Y2O,5Y2O_1,2,0.93985,0.966165,0.9530075,0.02631500000000009,0,0,1,2,2,
P37231,NR1C3,PPARγ,5Y2T,5Y2T_1,2,0.958647,0.966165,0.9624060000000001,0.007518000000000025,0,0,2,2,2,
P37231,NR1C3,PPARγ,6AN1,6AN1_1,2,0.943609,0.958647,0.951128,0.015037999999999996,0,0,1,2,2,
P37231,NR1C3,PPARγ,6AUG,6AUG_1,2,0.962406,0.969925,0.9661655,0.007519000000000053,0,0,2,2,2,
P37231,NR1C3,PPARγ,6AVI,6AVI_1,2,0.954887,0.958647,0.956767,0.0037599999999999856,0,0,2,2,2,
P37231,NR1C3,PPARγ,6C1I,6C1I_1,2,0.954887,0.973684,0.9642855,0.018796999999999953,0,0,2,2,2,
P37231,NR1C3,PPARγ,6D3E,6D3E_1,2,0.962406,0.969925,0.9661655,0.007519000000000053,0,0,2,2,2,
P37231,NR1C3,PPARγ,6DBH,6DBH_1,2,0.962406,1.0,0.981203,0.037594000000000016,1,1,2,2,2,
P37231,NR1C3,PPARγ,6DCU,6DCU_1,2,0.913534,0.93985,0.926692,0.026316000000000006,0,0,0,2,2,
P37231,NR1C3,PPARγ,6DGL,6DGL_1,2,0.951128,0.962406,0.9567669999999999,0.01127800000000001,0,0,2,2,2,
P37231,NR1C3,PPARγ,6DGO,6DGO_1,2,0.951128,0.966165,0.9586465,0.015037000000000078,0,0,2,2,2,
P37231,NR1C3,PPARγ,6DGP,6DGP_1,2,0.958647,0.958647,0.958647,0.0,0,0,2,2,2,
P37231,NR1C3,PPARγ,6DGQ,6DGQ_1,2,0.93609,0.951128,0.9436089999999999,0.015037999999999996,0,0,1,2,2,
P37231,NR1C3,PPARγ,6DGR,6DGR_1,2,0.93985,0.966165,0.9530075,0.02631500000000009,0,0,1,2,2,
P37231,NR1C3,PPARγ,6DH9,6DH9_1,2,0.951128,0.958647,0.9548875,0.007519000000000053,0,0,2,2,2,
P37231,NR1C3,PPARγ,6DHA,6DHA_1,2,0.943609,0.973684,0.9586465,0.030074999999999963,0,0,1,2,2,
P37231,NR1C3,PPARγ,6E5A,6E5A_1,2,0.93985,0.951128,0.945489,0.01127800000000001,0,0,1,2,2,
P37231,NR1C3,PPARγ,6ENQ,6ENQ_1,2,0.917293,0.93985,0.9285715,0.022556999999999938,0,0,0,2,2,
P37231,NR1C3,PPARγ,6F2L,6F2L_1,2,0.947368,0.962406,0.954887,0.015037999999999996,0,0,1,2,2,
P37231,NR1C3,PPARγ,6FZF,6FZF_1,2,1.0,1.0,1.0,0.0,2,2,2,2,2,
P37231,NR1C3,PPARγ,6FZJ,6FZJ_1,2,0.988722,0.992481,0.9906014999999999,0.003758999999999957,0,1,2,2,2,
P37231,NR1C3,PPARγ,6FZY,6FZY_1,2,0.973684,0.977444,0.975564,0.0037599999999999856,0,0,2,2,2,
P37231,NR1C3,PPARγ,6IJR,6IJR_1,2,1.0,1.0,1.0,0.0,2,2,2,2,2,
P37231,NR1C3,PPARγ,6JEY,6JEY_1,2,0.913534,0.954887,0.9342105,0.041353000000000084,0,0,1,2,2,
P37231,NR1C3,PPARγ,6JF0,6JF0_1,2,0.913534,0.954887,0.9342105,0.041353000000000084,0,0,1,2,2,
P37231,NR1C3,PPARγ,6K0T,6K0T_1,2,0.954887,0.981203,0.968045,0.026316000000000006,0,0,2,2,2,
P37231,NR1C3,PPARγ,6L89,6L89_1,2,0.93609,0.958647,0.9473685000000001,0.02255700000000005,0,0,1,2,2,
P37231,NR1C3,PPARγ,6L8B,6L8B_1,2,0.966165,0.969925,0.968045,0.0037599999999999856,0,0,2,2,2,
P37231,NR1C3,PPARγ,6MCZ,6MCZ_1,2,0.947368,0.954887,0.9511275,0.007519000000000053,0,0,1,2,2,
P37231,NR1C3,PPARγ,6MD0,6MD0_1,2,0.947368,0.954887,0.9511275,0.007519000000000053,0,0,1,2,2,
P37231,NR1C3,PPARγ,6MD1,6MD1_1,2,0.954887,0.954887,0.954887,0.0,0,0,2,2,2,
P37231,NR1C3,PPARγ,6MD2,6MD2_1,2,0.947368,0.954887,0.9511275,0.007519000000000053,0,0,1,2,2,
P37231,NR1C3,PPARγ,6MD4,6MD4_1,2,0.932331,0.958647,0.945489,0.026316000000000006,0,0,1,2,2,
P37231,NR1C3,PPARγ,6O67,6O67_1,2,0.943609,0.954887,0.9492480000000001,0.01127800000000001,0,0,1,2,2,
P37231,NR1C3,PPARγ,6O68,6O68_1,2,0.958647,0.966165,0.9624060000000001,0.007518000000000025,0,0,2,2,2,
P37231,NR1C3,PPARγ,6PDZ,6PDZ_1,2,0.943609,0.951128,0.9473685000000001,0.007518999999999942,0,0,1,2,2,
P37231,NR1C3,PPARγ,6QJ5,6QJ5_1,2,0.921053,0.932331,0.9266920000000001,0.01127800000000001,0,0,0,2,2,
P37231,NR1C3,PPARγ,6T9C,6T9C_1,2,0.921053,0.932331,0.9266920000000001,0.01127800000000001,0,0,0,2,2,
P37231,NR1C3,PPARγ,6VZL,6VZL_1,2,0.917293,0.93985,0.9285715,0.022556999999999938,0,0,0,2,2,
P37231,NR1C3,PPARγ,6VZM,6VZM_1,2,0.93985,0.947368,0.9436089999999999,0.007518000000000025,0,0,0,2,2,
P37231,NR1C3,PPARγ,6VZN,6VZN_1,2,0.932331,0.943609,0.93797,0.01127800000000001,0,0,0,2,2,
P37231,NR1C3,PPARγ,6VZO,6VZO_1,2,0.943609,0.962406,0.9530075,0.018796999999999953,0,0,1,2,2,
P37231,NR1C3,PPARγ,6ZLY,6ZLY_1,2,0.906015,0.93609,0.9210525,0.030074999999999963,0,0,0,2,2,
P37231,NR1C3,PPARγ,7AHJ,7AHJ_1,2,0.943609,0.969925,0.956767,0.026316000000000006,0,0,1,2,2,
P37231,NR1C3,PPARγ,7CXE,7CXE_1,2,0.947368,0.958647,0.9530075,0.011279000000000039,0,0,1,2,2,
P37231,NR1C3,PPARγ,7CXG,7CXG_1,2,0.969925,0.981203,0.9755640000000001,0.01127800000000001,0,0,2,2,2,
P37231,NR1C3,PPARγ,7E2O,7E2O_1,2,0.913534,0.943609,0.9285715,0.030075000000000074,0,0,0,2,2,
P37231,NR1C3,PPARγ,7EFQ,7EFQ_1,2,0.947368,0.951128,0.949248,0.0037599999999999856,0,0,1,2,2,
P37231,NR1C3,PPARγ,7JQG,7JQG_1,2,0.924812,0.928571,0.9266915,0.003759000000000068,0,0,0,2,2,
P37231,NR1C3,PPARγ,7LOT,7LOT_1,2,0.943609,0.954887,0.9492480000000001,0.01127800000000001,0,0,1,2,2,
P37231,NR1C3,PPARγ,7QB1,7QB1_1,2,0.958647,0.962406,0.9605265000000001,0.003758999999999957,0,0,2,2,2,
P37231,NR1C3,PPARγ,7RLE,7RLE_1,2,0.966165,0.969925,0.968045,0.0037599999999999856,0,0,2,2,2,
P37231,NR1C3,PPARγ,7SQA,7SQA_1,2,0.932331,0.93609,0.9342105,0.003758999999999957,0,0,0,2,2,
P37231,NR1C3,PPARγ,7WOX,7WOX_1,2,0.924812,0.958647,0.9417295,0.03383500000000006,0,0,1,2,2,
P37231,NR1C3,PPARγ,8ADF,8ADF_1,2,0.845865,0.93609,0.8909775,0.090225,0,0,0,1,2,INSTANCE_COVERAGE_HETEROGENEITY_REVIEW
P37231,NR1C3,PPARγ,8AQM,8AQM_1,2,0.921053,0.928571,0.924812,0.007518000000000025,0,0,0,2,2,
P37231,NR1C3,PPARγ,8AQN,8AQN_1,2,0.932331,1.0,0.9661655,0.06766899999999998,1,1,1,2,2,INSTANCE_COVERAGE_HETEROGENEITY_REVIEW
P37231,NR1C3,PPARγ,8B8W,8B8W_1,2,0.890977,0.93985,0.9154135,0.048872999999999944,0,0,0,1,2,
P37231,NR1C3,PPARγ,8B8X,8B8X_1,2,0.921053,0.973684,0.9473685000000001,0.05263099999999998,0,0,1,2,2,INSTANCE_COVERAGE_HETEROGENEITY_REVIEW
P37231,NR1C3,PPARγ,8B8Y,8B8Y_1,2,0.887218,0.921053,0.9041355,0.03383500000000006,0,0,0,1,2,
P37231,NR1C3,PPARγ,8B8Z,8B8Z_1,2,0.887218,0.951128,0.919173,0.06391000000000002,0,0,1,1,2,INSTANCE_COVERAGE_HETEROGENEITY_REVIEW
P37231,NR1C3,PPARγ,8B90,8B90_1,2,0.853383,0.93985,0.8966164999999999,0.08646699999999996,0,0,0,1,2,INSTANCE_COVERAGE_HETEROGENEITY_REVIEW
P37231,NR1C3,PPARγ,8B91,8B91_1,2,0.879699,0.947368,0.9135335,0.06766899999999998,0,0,0,1,2,INSTANCE_COVERAGE_HETEROGENEITY_REVIEW
P37231,NR1C3,PPARγ,8B92,8B92_1,2,0.87218,0.917293,0.8947365,0.04511300000000007,0,0,0,1,2,
P37231,NR1C3,PPARγ,8B93,8B93_1,2,0.883459,0.902256,0.8928575,0.018796999999999953,0,0,0,1,2,
P37231,NR1C3,PPARγ,8B94,8B94_1,2,0.87594,0.943609,0.9097745,0.06766899999999998,0,0,0,1,2,INSTANCE_COVERAGE_HETEROGENEITY_REVIEW
P37231,NR1C3,PPARγ,8B95,8B95_1,2,0.87218,0.943609,0.9078945,0.07142900000000008,0,0,0,1,2,INSTANCE_COVERAGE_HETEROGENEITY_REVIEW
P37231,NR1C3,PPARγ,8BF2,8BF2_1,2,0.954887,0.966165,0.960526,0.01127800000000001,0,0,2,2,2,
P37231,NR1C3,PPARγ,8BFF,8BFF_1,3,0.93985,0.93985,0.93985,0.0,0,0,0,3,3,
P37231,NR1C3,PPARγ,8C0C,8C0C_1,2,0.845865,0.93609,0.8909775,0.090225,0,0,0,1,2,INSTANCE_COVERAGE_HETEROGENEITY_REVIEW
P37231,NR1C3,PPARγ,8CPH,8CPH_1,2,0.909774,1.0,0.954887,0.09022600000000003,1,1,1,2,2,INSTANCE_COVERAGE_HETEROGENEITY_REVIEW
P37231,NR1C3,PPARγ,8DSY,8DSY_1,2,0.954887,0.969925,0.9624060000000001,0.015037999999999996,0,0,2,2,2,
P37231,NR1C3,PPARγ,8DSZ,8DSZ_1,2,0.966165,0.973684,0.9699245000000001,0.007518999999999942,0,0,2,2,2,
P37231,NR1C3,PPARγ,8FHF,8FHF_1,2,0.913534,0.954887,0.9342105,0.041353000000000084,0,0,1,2,2,
P37231,NR1C3,PPARγ,8HHQ,8HHQ_1,2,0.924812,0.954887,0.9398495,0.030075000000000074,0,0,1,2,2,
P37231,NR1C3,PPARγ,8PBO,8PBO_1,2,0.962406,0.969925,0.9661655,0.007519000000000053,0,0,2,2,2,
P37231,NR1C3,PPARγ,8REJ,8REJ_1,2,0.842105,0.890977,0.866541,0.04887200000000003,0,0,0,0,2,
P37231,NR1C3,PPARγ,8SC9,8SC9_1,2,0.954887,0.969925,0.9624060000000001,0.015037999999999996,0,0,2,2,2,
P37231,NR1C3,PPARγ,8WFE,8WFE_1,2,0.954887,0.962406,0.9586465,0.007518999999999942,0,0,2,2,2,
P37231,NR1C3,PPARγ,8ZFN,8ZFN_1,2,0.951128,0.969925,0.9605265000000001,0.018797000000000064,0,0,2,2,2,
P37231,NR1C3,PPARγ,8ZFO,8ZFO_1,2,0.890977,0.928571,0.9097740000000001,0.037594000000000016,0,0,0,1,2,
P37231,NR1C3,PPARγ,8ZFP,8ZFP_1,2,0.928571,0.954887,0.941729,0.026316000000000006,0,0,1,2,2,
P37231,NR1C3,PPARγ,8ZFQ,8ZFQ_1,2,0.947368,0.962406,0.954887,0.015037999999999996,0,0,1,2,2,
P37231,NR1C3,PPARγ,8ZFR,8ZFR_1,2,0.93609,0.962406,0.949248,0.026316000000000006,0,0,1,2,2,
P37231,NR1C3,PPARγ,8ZFS,8ZFS_1,2,0.921053,0.962406,0.9417295,0.04135299999999997,0,0,1,2,2,
P37231,NR1C3,PPARγ,8ZFT,8ZFT_1,2,0.921053,0.93985,0.9304515,0.018796999999999953,0,0,0,2,2,
P37231,NR1C3,PPARγ,9GFU,9GFU_1,2,0.958647,0.962406,0.9605265000000001,0.003758999999999957,0,0,2,2,2,
P37231,NR1C3,PPARγ,9GVP,9GVP_1,2,0.966165,0.969925,0.968045,0.0037599999999999856,0,0,2,2,2,
P37231,NR1C3,PPARγ,9GVS,9GVS_1,2,0.966165,0.966165,0.966165,0.0,0,0,2,2,2,
P37231,NR1C3,PPARγ,9GVT,9GVT_1,2,0.958647,0.962406,0.9605265000000001,0.003758999999999957,0,0,2,2,2,
P37231,NR1C3,PPARγ,9GW3,9GW3_1,2,0.951128,0.969925,0.9605265000000001,0.018797000000000064,0,0,2,2,2,
P37231,NR1C3,PPARγ,9GW4,9GW4_1,2,0.951128,0.973684,0.962406,0.02255600000000002,0,0,2,2,2,
P37231,NR1C3,PPARγ,9GW7,9GW7_1,2,0.951128,0.958647,0.9548875,0.007519000000000053,0,0,2,2,2,
P37231,NR1C3,PPARγ,9GW8,9GW8_1,2,0.951128,0.981203,0.9661655,0.030075000000000074,0,0,2,2,2,
P37231,NR1C3,PPARγ,9GWB,9GWB_1,2,0.954887,0.969925,0.9624060000000001,0.015037999999999996,0,0,2,2,2,
P37231,NR1C3,PPARγ,9GWC,9GWC_1,2,0.951128,0.969925,0.9605265000000001,0.018797000000000064,0,0,2,2,2,
P37231,NR1C3,PPARγ,9GWE,9GWE_1,2,0.958647,0.966165,0.9624060000000001,0.007518000000000025,0,0,2,2,2,
P37231,NR1C3,PPARγ,9GWF,9GWF_1,2,0.951128,0.954887,0.9530075,0.003759000000000068,0,0,2,2,2,
P37231,NR1C3,PPARγ,9GWG,9GWG_1,2,0.951128,0.969925,0.9605265000000001,0.018797000000000064,0,0,2,2,2,
P37231,NR1C3,PPARγ,9GWH,9GWH_1,2,0.958647,0.977444,0.9680455,0.018796999999999953,0,0,2,2,2,
P37231,NR1C3,PPARγ,9GWI,9GWI_1,2,0.951128,0.969925,0.9605265000000001,0.018797000000000064,0,0,2,2,2,
P37231,NR1C3,PPARγ,9GWK,9GWK_1,2,0.962406,0.966165,0.9642855,0.003759000000000068,0,0,2,2,2,
P37231,NR1C3,PPARγ,9GWL,9GWL_1,2,0.958647,0.966165,0.9624060000000001,0.007518000000000025,0,0,2,2,2,
P37231,NR1C3,PPARγ,9GWM,9GWM_1,2,0.966165,0.969925,0.968045,0.0037599999999999856,0,0,2,2,2,
P37231,NR1C3,PPARγ,9GWN,9GWN_1,2,0.951128,0.966165,0.9586465,0.015037000000000078,0,0,2,2,2,
P37231,NR1C3,PPARγ,9GWP,9GWP_1,2,0.932331,0.951128,0.9417295,0.018796999999999953,0,0,1,2,2,
P37231,NR1C3,PPARγ,9GWQ,9GWQ_1,2,0.962406,0.966165,0.9642855,0.003759000000000068,0,0,2,2,2,
P37231,NR1C3,PPARγ,9GWR,9GWR_1,2,0.947368,0.977444,0.962406,0.03007599999999999,0,0,1,2,2,
P37231,NR1C3,PPARγ,9GWS,9GWS_1,2,0.962406,0.973684,0.968045,0.01127800000000001,0,0,2,2,2,
P37231,NR1C3,PPARγ,9GWX,9GWX_1,2,0.954887,0.981203,0.968045,0.026316000000000006,0,0,2,2,2,
P37231,NR1C3,PPARγ,9GWY,9GWY_1,2,0.962406,0.973684,0.968045,0.01127800000000001,0,0,2,2,2,
P37231,NR1C3,PPARγ,9GX0,9GX0_1,2,0.954887,0.966165,0.960526,0.01127800000000001,0,0,2,2,2,
P37231,NR1C3,PPARγ,9GX1,9GX1_1,2,0.954887,0.966165,0.960526,0.01127800000000001,0,0,2,2,2,
P37231,NR1C3,PPARγ,9GX2,9GX2_1,2,0.943609,0.969925,0.956767,0.026316000000000006,0,0,1,2,2,
P37231,NR1C3,PPARγ,9GX3,9GX3_1,2,0.962406,0.966165,0.9642855,0.003759000000000068,0,0,2,2,2,
P37231,NR1C3,PPARγ,9GX4,9GX4_1,2,0.954887,0.962406,0.9586465,0.007518999999999942,0,0,2,2,2,
P37231,NR1C3,PPARγ,9GX5,9GX5_1,2,0.962406,0.962406,0.962406,0.0,0,0,2,2,2,
P37231,NR1C3,PPARγ,9GX6,9GX6_1,2,0.951128,0.977444,0.964286,0.026316000000000006,0,0,2,2,2,
P37231,NR1C3,PPARγ,9GX7,9GX7_1,2,0.962406,0.966165,0.9642855,0.003759000000000068,0,0,2,2,2,
P37231,NR1C3,PPARγ,9GXD,9GXD_1,2,0.973684,0.977444,0.975564,0.0037599999999999856,0,0,2,2,2,
P37231,NR1C3,PPARγ,9GZ7,9GZ7_1,2,0.943609,0.992481,0.968045,0.048871999999999916,0,1,1,2,2,
P37231,NR1C3,PPARγ,9GZ8,9GZ8_1,2,0.954887,0.958647,0.956767,0.0037599999999999856,0,0,2,2,2,
P37231,NR1C3,PPARγ,9GZ9,9GZ9_1,2,0.947368,0.954887,0.9511275,0.007519000000000053,0,0,1,2,2,
P37231,NR1C3,PPARγ,9GZA,9GZA_1,2,0.958647,0.988722,0.9736845000000001,0.030074999999999963,0,0,2,2,2,
P37231,NR1C3,PPARγ,9GZB,9GZB_1,2,0.943609,0.947368,0.9454885,0.003758999999999957,0,0,0,2,2,
P37231,NR1C3,PPARγ,9GZC,9GZC_1,2,0.962406,0.969925,0.9661655,0.007519000000000053,0,0,2,2,2,
P37231,NR1C3,PPARγ,9GZE,9GZE_1,2,0.954887,0.966165,0.960526,0.01127800000000001,0,0,2,2,2,
P37231,NR1C3,PPARγ,9GZF,9GZF_1,2,0.951128,0.962406,0.9567669999999999,0.01127800000000001,0,0,2,2,2,
P37231,NR1C3,PPARγ,9GZI,9GZI_1,2,0.954887,0.958647,0.956767,0.0037599999999999856,0,0,2,2,2,
P37231,NR1C3,PPARγ,9HX2,9HX2_1,2,0.943609,0.951128,0.9473685000000001,0.007518999999999942,0,0,1,2,2,
P37231,NR1C3,PPARγ,9IWK,9IWK_1,2,0.815789,0.913534,0.8646615,0.09774499999999997,0,0,0,1,2,INSTANCE_COVERAGE_HETEROGENEITY_REVIEW
P37231,NR1C3,PPARγ,9L3T,9L3T_1,2,0.93609,0.951128,0.9436089999999999,0.015037999999999996,0,0,1,2,2,
P37231,NR1C3,PPARγ,9MAH,9MAH_1,2,0.943609,0.958647,0.951128,0.015037999999999996,0,0,1,2,2,
P37231,NR1C3,PPARγ,9OLC,9OLC_1,4,0.744361,0.894737,0.8890975,0.15037599999999995,0,0,0,0,3,INSTANCE_COVERAGE_HETEROGENEITY_REVIEW
P37231,NR1C3,PPARγ,9QFZ,9QFZ_1,2,0.966165,0.969925,0.968045,0.0037599999999999856,0,0,2,2,2,
P37231,NR1C3,PPARγ,9QG0,9QG0_1,2,0.962406,0.969925,0.9661655,0.007519000000000053,0,0,2,2,2,
P37231,NR1C3,PPARγ,9QG2,9QG2_1,2,0.962406,0.969925,0.9661655,0.007519000000000053,0,0,2,2,2,
P37231,NR1C3,PPARγ,9QG3,9QG3_1,2,0.958647,0.966165,0.9624060000000001,0.007518000000000025,0,0,2,2,2,
P37231,NR1C3,PPARγ,9QG4,9QG4_1,2,0.951128,0.962406,0.9567669999999999,0.01127800000000001,0,0,2,2,2,
P37231,NR1C3,PPARγ,9QG5,9QG5_1,2,0.951128,0.966165,0.9586465,0.015037000000000078,0,0,2,2,2,
P37231,NR1C3,PPARγ,9QG6,9QG6_1,2,0.951128,0.966165,0.9586465,0.015037000000000078,0,0,2,2,2,
P37231,NR1C3,PPARγ,9QGJ,9QGJ_1,2,0.947368,0.962406,0.954887,0.015037999999999996,0,0,1,2,2,
P41235,NR2A1,HNF4α,4B7W,4B7W_1,4,0.865801,0.874459,0.8701300000000001,0.008657999999999944,0,0,0,0,4,
P41235,NR2A1,HNF4α,4IQR,4IQR_1,4,0.948052,0.987013,0.9761905,0.03896100000000002,0,0,3,4,4,
P41235,NR2A1,HNF4α,6CHT,6CHT_1,16,0.831169,0.926407,0.874459,0.09523799999999993,0,0,0,4,16,INSTANCE_COVERAGE_HETEROGENEITY_REVIEW
P41235,NR2A1,HNF4α,8C1L,8C1L_1,2,0.922078,0.935065,0.9285715,0.012987000000000082,0,0,0,2,2,
P43354,NR4A2,NURR1,1OVL,1OVL_1,2,0.95339,0.961864,0.957627,0.008474000000000093,0,0,2,2,2,
P43354,NR4A2,NURR1,1OVL,1OVL_2,4,0.932203,0.987288,0.9661015,0.05508500000000005,0,0,2,4,4,INSTANCE_COVERAGE_HETEROGENEITY_REVIEW
P43354,NR4A2,NURR1,5Y41,5Y41_1,2,0.970339,0.970339,0.970339,0.0,0,0,2,2,2,
P43354,NR4A2,NURR1,5YD6,5YD6_1,4,0.936441,0.944915,0.9427965,0.008473999999999982,0,0,0,4,4,
P43354,NR4A2,NURR1,6DDA,6DDA_1,2,0.940678,0.987288,0.963983,0.04661000000000004,0,0,1,2,2,
P43354,NR4A2,NURR1,7WNH,7WNH_1,4,0.932203,0.978814,0.9555085000000001,0.04661099999999996,0,0,2,4,4,
P43354,NR4A2,NURR1,8CYO,8CYO_1,2,0.966102,0.966102,0.966102,0.0,0,0,2,2,2,
P48443,NR2B3,RXRγ,2GL8,2GL8_1,4,0.829694,0.851528,0.842795,0.02183399999999991,0,0,0,0,4,
P48443,NR2B3,RXRγ,7A79,7A79_1,2,0.930131,0.938865,0.934498,0.008733999999999909,0,0,0,2,2,
P49116,NR2C2,TR4,3P0U,3P0U_1,2,0.888889,0.91358,0.9012344999999999,0.024690999999999907,0,0,0,1,2,
P51449,NR1F3,RORγ,3B0W,3B0W_1,2,0.879167,0.8875,0.8833335,0.008332999999999924,0,0,0,0,2,
P51449,NR1F3,RORγ,3L0L,3L0L_1,2,0.995833,0.995833,0.995833,0.0,0,2,2,2,2,
P51449,NR1F3,RORγ,4NB6,4NB6_1,2,0.908333,0.9125,0.9104165,0.004167000000000032,0,0,0,2,2,
P51449,NR1F3,RORγ,4NIE,4NIE_1,2,1.0,1.0,1.0,0.0,2,2,2,2,2,
P51449,NR1F3,RORγ,4QM0,4QM0_1,2,0.954167,0.958333,0.95625,0.004166000000000003,0,0,2,2,2,
P51449,NR1F3,RORγ,4WLB,4WLB_1,2,0.995833,0.995833,0.995833,0.0,0,2,2,2,2,
P51449,NR1F3,RORγ,4WPF,4WPF_1,2,1.0,1.0,1.0,0.0,2,2,2,2,2,
P51449,NR1F3,RORγ,4WQP,4WQP_1,2,0.908333,0.958333,0.933333,0.050000000000000044,0,0,1,2,2,INSTANCE_COVERAGE_HETEROGENEITY_REVIEW
P51449,NR1F3,RORγ,4ZJR,4ZJR_1,4,0.8875,0.9,0.8916664999999999,0.012500000000000067,0,0,0,1,4,
P51449,NR1F3,RORγ,4ZJW,4ZJW_1,2,0.908333,0.9125,0.9104165,0.004167000000000032,0,0,0,2,2,
P51449,NR1F3,RORγ,4ZOM,4ZOM_1,4,0.883333,0.9125,0.908333,0.029166999999999943,0,0,0,3,4,
P51449,NR1F3,RORγ,5APK,5APK_1,2,0.908333,0.966667,0.9375,0.05833400000000011,0,0,1,2,2,INSTANCE_COVERAGE_HETEROGENEITY_REVIEW
P51449,NR1F3,RORγ,5AYG,5AYG_1,2,0.883333,0.891667,0.8875,0.008333999999999953,0,0,0,0,2,
P51449,NR1F3,RORγ,5EJV,5EJV_1,2,0.995833,1.0,0.9979165,0.004167000000000032,1,2,2,2,2,
P51449,NR1F3,RORγ,5ETH,5ETH_1,2,0.908333,0.9125,0.9104165,0.004167000000000032,0,0,0,2,2,
P51449,NR1F3,RORγ,5IXK,5IXK_1,2,0.9125,0.9125,0.9125,0.0,0,0,0,2,2,
P51449,NR1F3,RORγ,5IZ0,5IZ0_1,4,0.995833,0.995833,0.995833,0.0,0,4,4,4,4,
P51449,NR1F3,RORγ,5K38,5K38_1,2,0.925,0.929167,0.9270835,0.004166999999999921,0,0,0,2,2,
P51449,NR1F3,RORγ,5K3L,5K3L_1,4,0.920833,0.925,0.925,0.004167000000000032,0,0,0,4,4,
P51449,NR1F3,RORγ,5K3M,5K3M_1,2,0.908333,0.908333,0.908333,0.0,0,0,0,2,2,
P51449,NR1F3,RORγ,5K3N,5K3N_1,4,0.925,0.933333,0.933333,0.008332999999999924,0,0,0,4,4,
P51449,NR1F3,RORγ,5K6E,5K6E_1,2,0.925,0.958333,0.9416665,0.033332999999999946,0,0,1,2,2,
P51449,NR1F3,RORγ,5K74,5K74_1,2,0.929167,0.929167,0.929167,0.0,0,0,0,2,2,
P51449,NR1F3,RORγ,5M96,5M96_1,2,0.9125,0.920833,0.9166665,0.008333000000000035,0,0,0,2,2,
P51449,NR1F3,RORγ,5NTI,5NTI_1,4,0.995833,1.0,0.9979165,0.004167000000000032,2,4,4,4,4,
P51449,NR1F3,RORγ,5NTK,5NTK_1,2,0.920833,0.920833,0.920833,0.0,0,0,0,2,2,
P51449,NR1F3,RORγ,5NTN,5NTN_1,4,0.995833,1.0,0.9979165,0.004167000000000032,2,4,4,4,4,
P51449,NR1F3,RORγ,5NTQ,5NTQ_1,2,0.9125,0.958333,0.9354165,0.04583300000000001,0,0,1,2,2,
P51449,NR1F3,RORγ,5NTW,5NTW_1,4,1.0,1.0,1.0,0.0,4,4,4,4,4,
P51449,NR1F3,RORγ,5NU1,5NU1_1,2,1.0,1.0,1.0,0.0,2,2,2,2,2,
P51449,NR1F3,RORγ,5UFR,5UFR_1,2,0.9125,0.9125,0.9125,0.0,0,0,0,2,2,
P51449,NR1F3,RORγ,5UHI,5UHI_1,2,0.9125,0.9125,0.9125,0.0,0,0,0,2,2,
P51449,NR1F3,RORγ,5W4R,5W4R_1,2,0.875,0.8875,0.88125,0.012499999999999956,0,0,0,0,2,
P51449,NR1F3,RORγ,5W4V,5W4V_1,6,0.833333,0.8625,0.8541665,0.029167000000000054,0,0,0,0,6,
P51449,NR1F3,RORγ,5X8Q,5X8Q_1,4,0.9375,0.9375,0.9375,0.0,0,0,0,4,4,
P51449,NR1F3,RORγ,5ZA1,5ZA1_1,2,0.9125,0.941667,0.9270835,0.029167000000000054,0,0,0,2,2,
P51449,NR1F3,RORγ,6A22,6A22_1,4,0.9375,0.9375,0.9375,0.0,0,0,0,4,4,
P51449,NR1F3,RORγ,6B30,6B30_1,2,0.866667,0.879167,0.8729169999999999,0.012500000000000067,0,0,0,0,2,
P51449,NR1F3,RORγ,6B31,6B31_1,2,0.929167,0.933333,0.9312499999999999,0.004166000000000003,0,0,0,2,2,
P51449,NR1F3,RORγ,6B33,6B33_1,2,0.891667,0.891667,0.891667,0.0,0,0,0,0,2,
P51449,NR1F3,RORγ,6BN6,6BN6_1,2,0.908333,0.933333,0.920833,0.025000000000000022,0,0,0,2,2,
P51449,NR1F3,RORγ,6BR2,6BR2_1,2,0.866667,0.879167,0.8729169999999999,0.012500000000000067,0,0,0,0,2,
P51449,NR1F3,RORγ,6BR3,6BR3_1,2,0.870833,0.883333,0.8770830000000001,0.012500000000000067,0,0,0,0,2,
P51449,NR1F3,RORγ,6CN5,6CN5_1,2,0.945833,0.945833,0.945833,0.0,0,0,0,2,2,
P51449,NR1F3,RORγ,6E3E,6E3E_1,2,0.8875,0.8875,0.8875,0.0,0,0,0,0,2,
P51449,NR1F3,RORγ,6E3G,6E3G_1,2,0.995833,0.995833,0.995833,0.0,0,2,2,2,2,
P51449,NR1F3,RORγ,6FGQ,6FGQ_1,2,0.875,0.929167,0.9020835,0.054166999999999965,0,0,0,1,2,INSTANCE_COVERAGE_HETEROGENEITY_REVIEW
P51449,NR1F3,RORγ,6FZU,6FZU_1,2,1.0,1.0,1.0,0.0,2,2,2,2,2,
P51449,NR1F3,RORγ,6G05,6G05_1,2,1.0,1.0,1.0,0.0,2,2,2,2,2,
P51449,NR1F3,RORγ,6G07,6G07_1,4,1.0,1.0,1.0,0.0,4,4,4,4,4,
P51449,NR1F3,RORγ,6IVX,6IVX_1,4,0.929167,0.933333,0.933333,0.004166000000000003,0,0,0,4,4,
P51449,NR1F3,RORγ,6J1L,6J1L_1,3,0.895833,0.9125,0.9125,0.016666999999999987,0,0,0,2,3,
P51449,NR1F3,RORγ,6NAD,6NAD_1,2,0.879167,0.904167,0.891667,0.025000000000000022,0,0,0,1,2,
P51449,NR1F3,RORγ,6NWT,6NWT_1,2,0.954167,0.954167,0.954167,0.0,0,0,2,2,2,
P51449,NR1F3,RORγ,6O98,6O98_1,2,0.908333,0.9125,0.9104165,0.004167000000000032,0,0,0,2,2,
P51449,NR1F3,RORγ,6P9F,6P9F_1,2,1.0,1.0,1.0,0.0,2,2,2,2,2,
P51449,NR1F3,RORγ,6Q2W,6Q2W_1,2,0.908333,0.9125,0.9104165,0.004167000000000032,0,0,0,2,2,
P51449,NR1F3,RORγ,6SLZ,6SLZ_1,2,0.908333,0.908333,0.908333,0.0,0,0,0,2,2,
P51449,NR1F3,RORγ,6VSW,6VSW_1,2,0.920833,0.933333,0.927083,0.012499999999999956,0,0,0,2,2,
P51449,NR1F3,RORγ,6XFV,6XFV_1,2,0.904167,0.904167,0.904167,0.0,0,0,0,2,2,
P51449,NR1F3,RORγ,7JH2,7JH2_1,2,0.870833,0.925,0.8979165,0.054167000000000076,0,0,0,1,2,INSTANCE_COVERAGE_HETEROGENEITY_REVIEW
P51449,NR1F3,RORγ,7KCO,7KCO_1,2,0.995833,0.995833,0.995833,0.0,0,2,2,2,2,
P51449,NR1F3,RORγ,7QP4,7QP4_1,2,0.9,0.954167,0.9270835,0.054166999999999965,0,0,1,2,2,INSTANCE_COVERAGE_HETEROGENEITY_REVIEW
P51449,NR1F3,RORγ,7XQE,7XQE_1,2,0.825,0.858333,0.8416665,0.03333300000000006,0,0,0,0,2,
P51449,NR1F3,RORγ,8FAV,8FAV_1,2,0.995833,0.995833,0.995833,0.0,0,2,2,2,2,
P51449,NR1F3,RORγ,8FB1,8FB1_1,2,0.995833,0.995833,0.995833,0.0,0,2,2,2,2,
P51449,NR1F3,RORγ,8FB2,8FB2_1,2,0.991667,0.995833,0.9937499999999999,0.004166000000000003,0,2,2,2,2,
P51449,NR1F3,RORγ,8X7E,8X7E_1,4,0.933333,0.9375,0.9354165,0.004167000000000032,0,0,0,4,4,
P51449,NR1F3,RORγ,8XU5,8XU5_1,2,0.9125,0.9625,0.9375,0.050000000000000044,0,0,1,2,2,INSTANCE_COVERAGE_HETEROGENEITY_REVIEW
P51449,NR1F3,RORγ,9N9L,9N9L_1,2,0.933333,0.933333,0.933333,0.0,0,0,0,2,2,
P51449,NR1F3,RORγ,9XMJ,9XMJ_1,4,0.933333,0.933333,0.933333,0.0,0,0,0,4,4,
P55055,NR1H2,LXRβ,1P8D,1P8D_1,2,0.979079,0.983264,0.9811715000000001,0.004184999999999994,0,0,2,2,2,
P55055,NR1H2,LXRβ,1PQ6,1PQ6_1,4,0.857741,0.995816,0.9476985,0.13807500000000006,0,1,2,3,4,INSTANCE_COVERAGE_HETEROGENEITY_REVIEW
P55055,NR1H2,LXRβ,1PQ9,1PQ9_1,4,0.903766,0.979079,0.956067,0.07531300000000007,0,0,3,4,4,INSTANCE_COVERAGE_HETEROGENEITY_REVIEW
P55055,NR1H2,LXRβ,1PQC,1PQC_1,4,0.903766,0.979079,0.956067,0.07531300000000007,0,0,3,4,4,INSTANCE_COVERAGE_HETEROGENEITY_REVIEW
P55055,NR1H2,LXRβ,3KFC,3KFC_1,4,0.76569,0.962343,0.958159,0.19665299999999997,0,0,3,3,3,INSTANCE_COVERAGE_HETEROGENEITY_REVIEW
P55055,NR1H2,LXRβ,4DK7,4DK7_1,2,0.941423,0.958159,0.949791,0.016735999999999973,0,0,1,2,2,
P55055,NR1H2,LXRβ,4DK8,4DK8_1,2,0.941423,0.953975,0.9476990000000001,0.012552000000000008,0,0,1,2,2,
P55055,NR1H2,LXRβ,4NQA,4NQA_2,2,0.987448,0.991632,0.98954,0.0041839999999999655,0,1,2,2,2,
P55055,NR1H2,LXRβ,4RAK,4RAK_1,2,0.953975,0.966527,0.960251,0.012552000000000008,0,0,2,2,2,
P55055,NR1H2,LXRβ,5HJP,5HJP_2,2,0.966527,0.991632,0.9790795,0.025104999999999933,0,1,2,2,2,
P55055,NR1H2,LXRβ,5I4V,5I4V_1,2,0.966527,1.0,0.9832635000000001,0.033472999999999975,1,1,2,2,2,
P55055,NR1H2,LXRβ,5JY3,5JY3_1,4,0.933054,0.949791,0.9414225,0.016737000000000002,0,0,0,4,4,
P55055,NR1H2,LXRβ,5KYA,5KYA_1,2,0.962343,0.991632,0.9769874999999999,0.02928900000000001,0,1,2,2,2,
P55055,NR1H2,LXRβ,5KYJ,5KYJ_1,2,0.962343,0.991632,0.9769874999999999,0.02928900000000001,0,1,2,2,2,
P55055,NR1H2,LXRβ,6JIO,6JIO_1,4,0.924686,0.983264,0.951883,0.05857800000000002,0,0,2,4,4,INSTANCE_COVERAGE_HETEROGENEITY_REVIEW
P55055,NR1H2,LXRβ,6K9G,6K9G_1,4,0.887029,0.987448,0.912134,0.10041900000000004,0,0,1,3,4,INSTANCE_COVERAGE_HETEROGENEITY_REVIEW
P55055,NR1H2,LXRβ,6K9H,6K9H_1,2,0.891213,0.891213,0.891213,0.0,0,0,0,0,2,
P55055,NR1H2,LXRβ,6K9M,6K9M_1,4,0.924686,0.974895,0.9476990000000001,0.05020899999999995,0,0,2,4,4,INSTANCE_COVERAGE_HETEROGENEITY_REVIEW
P55055,NR1H2,LXRβ,6S4N,6S4N_1,4,0.920502,0.970711,0.962343,0.05020899999999995,0,0,3,4,4,INSTANCE_COVERAGE_HETEROGENEITY_REVIEW
P55055,NR1H2,LXRβ,6S4U,6S4U_1,3,0.958159,0.970711,0.958159,0.012552000000000008,0,0,3,3,3,
P62508,NR3B3,ERRγ,1KV6,1KV6_1,2,0.986667,0.986667,0.986667,0.0,0,0,2,2,2,
P62508,NR3B3,ERRγ,1TFC,1TFC_1,2,1.0,1.0,1.0,0.0,2,2,2,2,2,
P62508,NR3B3,ERRγ,1VJB,1VJB_1,2,0.924444,0.933333,0.9288885,0.008888999999999925,0,0,0,2,2,
P62508,NR3B3,ERRγ,2EWP,2EWP_1,5,0.951111,0.995556,0.991111,0.04444499999999996,0,3,5,5,5,
P62508,NR3B3,ERRγ,2GP7,2GP7_1,4,0.991111,0.995556,0.991111,0.004445000000000032,0,4,4,4,4,
P62508,NR3B3,ERRγ,2GPP,2GPP_1,2,0.995556,1.0,0.997778,0.0044440000000000035,1,2,2,2,2,
P62508,NR3B3,ERRγ,2GPV,2GPV_1,6,0.924444,0.991111,0.96,0.06666699999999992,0,3,3,6,6,INSTANCE_COVERAGE_HETEROGENEITY_REVIEW
P62508,NR3B3,ERRγ,5YSO,5YSO_1,3,0.906667,0.995556,0.986667,0.088889,0,1,2,3,3,INSTANCE_COVERAGE_HETEROGENEITY_REVIEW
P62508,NR3B3,ERRγ,6A6K,6A6K_1,3,0.897778,0.986667,0.982222,0.088889,0,0,2,2,3,INSTANCE_COVERAGE_HETEROGENEITY_REVIEW
P62508,NR3B3,ERRγ,6KNR,6KNR_1,2,0.986667,1.0,0.9933335,0.01333300000000004,1,1,2,2,2,
Q03181,NR1C2,PPARδ,1GWX,1GWX_1,2,1.0,1.0,1.0,0.0,2,2,2,2,2,
Q03181,NR1C2,PPARδ,1Y0S,1Y0S_1,2,0.978166,0.978166,0.978166,0.0,0,0,2,2,2,
Q03181,NR1C2,PPARδ,2AWH,2AWH_1,2,0.951965,0.956332,0.9541485,0.00436700000000001,0,0,2,2,2,
Q03181,NR1C2,PPARδ,2B50,2B50_1,2,0.978166,0.978166,0.978166,0.0,0,0,2,2,2,
Q03181,NR1C2,PPARδ,2BAW,2BAW_1,2,0.947598,0.956332,0.951965,0.008733999999999909,0,0,1,2,2,
Q03181,NR1C2,PPARδ,2GWX,2GWX_1,2,1.0,1.0,1.0,0.0,2,2,2,2,2,
Q03181,NR1C2,PPARδ,2J14,2J14_1,2,0.956332,0.960699,0.9585155,0.00436700000000001,0,0,2,2,2,
Q03181,NR1C2,PPARδ,2Q5G,2Q5G_1,2,0.882096,0.912664,0.8973800000000001,0.03056800000000004,0,0,0,1,2,
Q03181,NR1C2,PPARδ,2XYJ,2XYJ_1,2,0.978166,0.9869,0.982533,0.00873400000000002,0,0,2,2,2,
Q03181,NR1C2,PPARδ,2XYW,2XYW_1,2,1.0,1.0,1.0,0.0,2,2,2,2,2,
Q03181,NR1C2,PPARδ,2XYX,2XYX_1,2,1.0,1.0,1.0,0.0,2,2,2,2,2,
Q03181,NR1C2,PPARδ,2ZNP,2ZNP_1,2,0.969432,0.973799,0.9716155,0.00436700000000001,0,0,2,2,2,
Q03181,NR1C2,PPARδ,2ZNQ,2ZNQ_1,2,0.973799,0.973799,0.973799,0.0,0,0,2,2,2,
Q03181,NR1C2,PPARδ,3D5F,3D5F_1,2,0.973799,0.973799,0.973799,0.0,0,0,2,2,2,
Q03181,NR1C2,PPARδ,3DY6,3DY6_1,2,0.978166,0.978166,0.978166,0.0,0,0,2,2,2,
Q03181,NR1C2,PPARδ,3ET2,3ET2_1,2,0.9869,0.991266,0.9890829999999999,0.004365999999999981,0,1,2,2,2,
Q03181,NR1C2,PPARδ,3GWX,3GWX_1,2,1.0,1.0,1.0,0.0,2,2,2,2,2,
Q03181,NR1C2,PPARδ,3PEQ,3PEQ_1,2,0.973799,0.973799,0.973799,0.0,0,0,2,2,2,
Q03181,NR1C2,PPARδ,3SP9,3SP9_1,2,1.0,1.0,1.0,0.0,2,2,2,2,2,
Q03181,NR1C2,PPARδ,5U3Q,5U3Q_1,2,1.0,1.0,1.0,0.0,2,2,2,2,2,
Q03181,NR1C2,PPARδ,5U3R,5U3R_1,2,0.991266,1.0,0.995633,0.00873400000000002,1,2,2,2,2,
Q03181,NR1C2,PPARδ,5U3S,5U3S_1,2,1.0,1.0,1.0,0.0,2,2,2,2,2,
Q03181,NR1C2,PPARδ,5U3T,5U3T_1,2,1.0,1.0,1.0,0.0,2,2,2,2,2,
Q03181,NR1C2,PPARδ,5U3U,5U3U_1,2,0.956332,0.969432,0.962882,0.0131,0,0,2,2,2,
Q03181,NR1C2,PPARδ,5U3V,5U3V_1,2,1.0,1.0,1.0,0.0,2,2,2,2,2,
Q03181,NR1C2,PPARδ,5U3W,5U3W_1,2,1.0,1.0,1.0,0.0,2,2,2,2,2,
Q03181,NR1C2,PPARδ,5U3X,5U3X_1,2,0.960699,0.978166,0.9694324999999999,0.01746700000000001,0,0,2,2,2,
Q03181,NR1C2,PPARδ,5U3Y,5U3Y_1,2,0.973799,0.973799,0.973799,0.0,0,0,2,2,2,
Q03181,NR1C2,PPARδ,5U3Z,5U3Z_1,2,1.0,1.0,1.0,0.0,2,2,2,2,2,
Q03181,NR1C2,PPARδ,5U40,5U40_1,2,0.969432,0.9869,0.978166,0.01746800000000004,0,0,2,2,2,
Q03181,NR1C2,PPARδ,5U41,5U41_1,2,1.0,1.0,1.0,0.0,2,2,2,2,2,
Q03181,NR1C2,PPARδ,5U42,5U42_1,2,1.0,1.0,1.0,0.0,2,2,2,2,2,
Q03181,NR1C2,PPARδ,5U43,5U43_1,2,1.0,1.0,1.0,0.0,2,2,2,2,2,
Q03181,NR1C2,PPARδ,5U44,5U44_1,2,0.960699,0.965066,0.9628825,0.00436700000000001,0,0,2,2,2,
Q03181,NR1C2,PPARδ,5U45,5U45_1,2,1.0,1.0,1.0,0.0,2,2,2,2,2,
Q03181,NR1C2,PPARδ,5U46,5U46_1,2,1.0,1.0,1.0,0.0,2,2,2,2,2,
Q03181,NR1C2,PPARδ,5XMX,5XMX_1,2,0.943231,0.973799,0.958515,0.03056799999999993,0,0,1,2,2,
Q03181,NR1C2,PPARδ,5Y7X,5Y7X_1,2,0.973799,0.978166,0.9759825,0.00436700000000001,0,0,2,2,2,
Q03181,NR1C2,PPARδ,5ZXI,5ZXI_1,2,0.938865,0.956332,0.9475985,0.01746700000000001,0,0,1,2,2,
Q03181,NR1C2,PPARδ,6A6P,6A6P_1,2,0.982533,0.9869,0.9847165,0.00436700000000001,0,0,2,2,2,
Q03181,NR1C2,PPARδ,7F80,7F80_1,2,0.960699,0.978166,0.9694324999999999,0.01746700000000001,0,0,2,2,2,
Q03181,NR1C2,PPARδ,7VWE,7VWE_1,2,0.960699,0.965066,0.9628825,0.00436700000000001,0,0,2,2,2,
Q03181,NR1C2,PPARδ,7VWF,7VWF_1,2,0.973799,0.973799,0.973799,0.0,0,0,2,2,2,
Q03181,NR1C2,PPARδ,7VWG,7VWG_1,2,0.973799,0.973799,0.973799,0.0,0,0,2,2,2,
Q03181,NR1C2,PPARδ,7VWH,7VWH_1,2,0.973799,0.973799,0.973799,0.0,0,0,2,2,2,
Q03181,NR1C2,PPARδ,7W0G,7W0G_1,2,1.0,1.0,1.0,0.0,2,2,2,2,2,
Q03181,NR1C2,PPARδ,7WGL,7WGL_1,2,0.973799,0.973799,0.973799,0.0,0,0,2,2,2,
Q03181,NR1C2,PPARδ,8HF8,8HF8_1,2,0.978166,0.978166,0.978166,0.0,0,0,2,2,2,
Q03181,NR1C2,PPARδ,8HUL,8HUL_1,2,0.973799,0.973799,0.973799,0.0,0,0,2,2,2,
Q03181,NR1C2,PPARδ,8HUO,8HUO_1,2,0.973799,0.973799,0.973799,0.0,0,0,2,2,2,
Q07869,NR1C1,PPARα,1K7L,1K7L_1,4,1.0,1.0,1.0,0.0,4,4,4,4,4,
Q07869,NR1C1,PPARα,1KKQ,1KKQ_1,4,1.0,1.0,1.0,0.0,4,4,4,4,4,
Q07869,NR1C1,PPARα,2NPA,2NPA_1,2,0.986842,1.0,0.993421,0.013158000000000003,1,1,2,2,2,
Q07869,NR1C1,PPARα,3ET1,3ET1_1,2,0.969298,1.0,0.984649,0.030702000000000007,1,1,2,2,2,
Q07869,NR1C1,PPARα,3KDT,3KDT_1,2,0.973684,0.986842,0.980263,0.013158000000000003,0,0,2,2,2,
Q07869,NR1C1,PPARα,3KDU,3KDU_1,2,0.973684,0.986842,0.980263,0.013158000000000003,0,0,2,2,2,
Q07869,NR1C1,PPARα,4BCR,4BCR_1,2,1.0,1.0,1.0,0.0,2,2,2,2,2,
Q07869,NR1C1,PPARα,5AZT,5AZT_1,2,0.951754,1.0,0.975877,0.04824600000000001,1,1,2,2,2,
Q07869,NR1C1,PPARα,6KYP,6KYP_1,2,1.0,1.0,1.0,0.0,2,2,2,2,2,
Q07869,NR1C1,PPARα,6L36,6L36_1,2,1.0,1.0,1.0,0.0,2,2,2,2,2,
Q07869,NR1C1,PPARα,6L37,6L37_1,2,1.0,1.0,1.0,0.0,2,2,2,2,2,
Q07869,NR1C1,PPARα,6L38,6L38_1,2,1.0,1.0,1.0,0.0,2,2,2,2,2,
Q07869,NR1C1,PPARα,6L96,6L96_1,2,0.951754,0.951754,0.951754,0.0,0,0,2,2,2,
Q07869,NR1C1,PPARα,6LX4,6LX4_1,2,1.0,1.0,1.0,0.0,2,2,2,2,2,
Q07869,NR1C1,PPARα,6LX5,6LX5_1,2,1.0,1.0,1.0,0.0,2,2,2,2,2,
Q07869,NR1C1,PPARα,7BPY,7BPY_1,2,1.0,1.0,1.0,0.0,2,2,2,2,2,
Q07869,NR1C1,PPARα,7BPZ,7BPZ_1,2,0.964912,0.973684,0.969298,0.008772000000000002,0,0,2,2,2,
Q07869,NR1C1,PPARα,7BQ0,7BQ0_1,2,1.0,1.0,1.0,0.0,2,2,2,2,2,
Q07869,NR1C1,PPARα,8HUK,8HUK_1,2,0.95614,0.95614,0.95614,0.0,0,0,2,2,2,
Q07869,NR1C1,PPARα,9IWJ,9IWJ_1,4,0.815789,0.820175,0.815789,0.004386000000000001,0,0,0,0,4,
Q07869,NR1C1,PPARα,9T5S,9T5S_1,2,1.0,1.0,1.0,0.0,2,2,2,2,2,
Q13133,NR1H3,LXRα,3IPS,3IPS_1,2,0.920502,0.92887,0.924686,0.008367999999999931,0,0,0,2,2,
Q13133,NR1H3,LXRα,3IPU,3IPU_1,2,0.966527,0.974895,0.970711,0.008367999999999931,0,0,2,2,2,
Q13133,NR1H3,LXRα,5AVI,5AVI_1,2,0.924686,0.933054,0.9288700000000001,0.008368000000000042,0,0,0,2,2,
Q13133,NR1H3,LXRα,5HJS,5HJS_1,2,0.92887,0.92887,0.92887,0.0,0,0,0,2,2,
Q13285,NR5A1,SF-1,1ZDT,1ZDT_1,2,0.970588,1.0,0.985294,0.029411999999999994,1,1,2,2,2,
Q13285,NR5A1,SF-1,8DAF,8DAF_1,2,0.962185,0.983193,0.9726889999999999,0.021008000000000027,0,0,2,2,2,
Q14994,NR1I3,CAR,1XV9,1XV9_2,2,0.983607,0.983607,0.983607,0.0,0,0,2,2,2,
Q14994,NR1I3,CAR,1XVP,1XVP_2,2,0.983607,0.983607,0.983607,0.0,0,0,2,2,2,
Q14995,NR1D2,Rev-erbβ,2V0V,2V0V_1,4,0.848341,0.85782,0.8530805,0.009479000000000015,0,0,0,0,4,
Q14995,NR1D2,Rev-erbβ,2V7C,2V7C_1,2,0.781991,0.829384,0.8056875,0.04739300000000002,0,0,0,0,1,
Q14995,NR1D2,Rev-erbβ,6WMQ,6WMQ_1,2,0.933649,0.933649,0.933649,0.0,0,0,0,2,2,
Q14995,NR1D2,Rev-erbβ,6WMS,6WMS_1,2,0.92891,0.92891,0.92891,0.0,0,0,0,2,2,
Q15466,NR0B2,SHP,1YUC,1YUC_2,2,0.045455,0.053719,0.049587000000000006,0.008264,0,0,0,0,0,
Q15466,NR0B2,SHP,4DOR,4DOR_2,2,0.041322,0.049587,0.045454499999999995,0.008265000000000002,0,0,0,0,0,
Q15466,NR0B2,SHP,4ONI,4ONI_2,2,0.041322,0.053719,0.0475205,0.012397000000000005,0,0,0,0,0,
Q15466,NR0B2,SHP,5UFS,5UFS_2,2,0.041322,0.041322,0.041322,0.0,0,0,0,0,0,
Q15466,NR0B2,SHP,7YXD,7YXD_2,4,0.045455,0.049587,0.045455,0.004131999999999997,0,0,0,0,0,
Q15466,NR0B2,SHP,7YXN,7YXN_2,2,0.045455,0.045455,0.045455,0.0,0,0,0,0,0,
Q15466,NR0B2,SHP,7YXO,7YXO_2,3,0.03719,0.041322,0.03719,0.004131999999999997,0,0,0,0,0,
Q15466,NR0B2,SHP,7YXR,7YXR_2,2,0.049587,0.049587,0.049587,0.0,0,0,0,0,0,
Q15466,NR0B2,SHP,9HDF,9HDF_3,16,0.053719,0.057851,0.057851,0.004131999999999997,0,0,0,0,0,
Q92731,NR3A2,ERβ,1L2J,1L2J_1,2,0.910638,0.961702,0.93617,0.051064,0,0,1,2,2,INSTANCE_COVERAGE_HETEROGENEITY_REVIEW
Q92731,NR3A2,ERβ,1U3Q,1U3Q_1,4,0.953191,0.957447,0.957447,0.0042560000000000375,0,0,4,4,4,
Q92731,NR3A2,ERβ,1U3R,1U3R_1,2,0.948936,0.970213,0.9595745,0.02127699999999999,0,0,1,2,2,
Q92731,NR3A2,ERβ,1U3S,1U3S_1,2,0.944681,0.961702,0.9531915,0.017020999999999953,0,0,1,2,2,
Q92731,NR3A2,ERβ,1U9E,1U9E_1,2,0.944681,0.953191,0.948936,0.008510000000000018,0,0,1,2,2,
Q92731,NR3A2,ERβ,1X76,1X76_1,2,0.953191,0.953191,0.953191,0.0,0,0,2,2,2,
Q92731,NR3A2,ERβ,1X78,1X78_1,2,0.957447,0.957447,0.957447,0.0,0,0,2,2,2,
Q92731,NR3A2,ERβ,1X7B,1X7B_1,2,0.953191,0.957447,0.955319,0.0042560000000000375,0,0,2,2,2,
Q92731,NR3A2,ERβ,1X7J,1X7J_1,2,0.953191,0.953191,0.953191,0.0,0,0,2,2,2,
Q92731,NR3A2,ERβ,1YY4,1YY4_1,2,0.953191,0.953191,0.953191,0.0,0,0,2,2,2,
Q92731,NR3A2,ERβ,1YYE,1YYE_1,2,0.948936,0.957447,0.9531915,0.008511000000000046,0,0,1,2,2,
Q92731,NR3A2,ERβ,1ZAF,1ZAF_1,2,0.957447,0.957447,0.957447,0.0,0,0,2,2,2,
Q92731,NR3A2,ERβ,2FSZ,2FSZ_1,2,0.93617,0.93617,0.93617,0.0,0,0,0,2,2,
Q92731,NR3A2,ERβ,2I0G,2I0G_1,2,0.92766,0.92766,0.92766,0.0,0,0,0,2,2,
Q92731,NR3A2,ERβ,2JJ3,2JJ3_1,2,0.93617,0.93617,0.93617,0.0,0,0,0,2,2,
Q92731,NR3A2,ERβ,2NV7,2NV7_1,2,0.953191,0.957447,0.955319,0.0042560000000000375,0,0,2,2,2,
Q92731,NR3A2,ERβ,2QTU,2QTU_1,2,0.919149,0.919149,0.919149,0.0,0,0,0,2,2,
Q92731,NR3A2,ERβ,2YJD,2YJD_1,2,0.944681,0.944681,0.944681,0.0,0,0,0,2,2,
Q92731,NR3A2,ERβ,2YLY,2YLY_1,2,0.919149,0.923404,0.9212765,0.004255000000000009,0,0,0,2,2,
Q92731,NR3A2,ERβ,2Z4B,2Z4B_1,2,0.92766,0.92766,0.92766,0.0,0,0,0,2,2,
Q92731,NR3A2,ERβ,3OLL,3OLL_1,2,0.987234,0.991489,0.9893615,0.004255000000000009,0,1,2,2,2,
Q92731,NR3A2,ERβ,3OLS,3OLS_1,2,0.953191,0.974468,0.9638295,0.02127699999999999,0,0,2,2,2,
Q92731,NR3A2,ERβ,3OMO,3OMO_1,2,0.953191,0.974468,0.9638295,0.02127699999999999,0,0,2,2,2,
Q92731,NR3A2,ERβ,3OMP,3OMP_1,2,0.953191,0.974468,0.9638295,0.02127699999999999,0,0,2,2,2,
Q92731,NR3A2,ERβ,3OMQ,3OMQ_1,2,0.953191,0.974468,0.9638295,0.02127699999999999,0,0,2,2,2,
Q92731,NR3A2,ERβ,4J24,4J24_1,4,0.940426,0.957447,0.948936,0.017021000000000064,0,0,1,4,4,
Q92731,NR3A2,ERβ,4J26,4J26_1,2,0.957447,0.961702,0.9595745,0.004254999999999898,0,0,2,2,2,
Q92731,NR3A2,ERβ,5TOA,5TOA_1,2,0.957447,0.961702,0.9595745,0.004254999999999898,0,0,2,2,2,
Q92731,NR3A2,ERβ,7XVY,7XVY_1,2,0.923404,0.948936,0.93617,0.025532,0,0,0,2,2,
Q92731,NR3A2,ERβ,7XVZ,7XVZ_1,2,0.923404,0.948936,0.93617,0.025532,0,0,0,2,2,
Q92731,NR3A2,ERβ,7XWP,7XWP_1,2,0.92766,0.948936,0.9382980000000001,0.02127599999999996,0,0,0,2,2,
Q92731,NR3A2,ERβ,7XWQ,7XWQ_1,2,0.92766,0.948936,0.9382980000000001,0.02127599999999996,0,0,0,2,2,
Q92731,NR3A2,ERβ,7XWR,7XWR_1,2,0.92766,0.953191,0.9404255,0.02553099999999997,0,0,1,2,2,
Q92731,NR3A2,ERβ,9EBL,9EBL_1,4,0.919149,0.957447,0.931915,0.038298000000000054,0,0,1,4,4,
Q92731,NR3A2,ERβ,9ECF,9ECF_1,8,0.834043,0.974468,0.9234045,0.14042500000000002,0,0,1,7,8,INSTANCE_COVERAGE_HETEROGENEITY_REVIEW
Q96RI1,NR1H4,FXR,3BEJ,3BEJ_1,2,0.982222,0.995556,0.988889,0.013333999999999957,0,1,2,2,2,
Q96RI1,NR1H4,FXR,3OKI,3OKI_1,2,1.0,1.0,1.0,0.0,2,2,2,2,2,
Q96RI1,NR1H4,FXR,3OLF,3OLF_1,2,1.0,1.0,1.0,0.0,2,2,2,2,2,
Q96RI1,NR1H4,FXR,3OMK,3OMK_1,2,1.0,1.0,1.0,0.0,2,2,2,2,2,
Q96RI1,NR1H4,FXR,3OMM,3OMM_1,2,1.0,1.0,1.0,0.0,2,2,2,2,2,
Q96RI1,NR1H4,FXR,3OOF,3OOF_1,2,1.0,1.0,1.0,0.0,2,2,2,2,2,
Q96RI1,NR1H4,FXR,3OOK,3OOK_1,2,1.0,1.0,1.0,0.0,2,2,2,2,2,
Q96RI1,NR1H4,FXR,4OIV,4OIV_1,2,0.915556,0.951111,0.9333335,0.035555,0,0,1,2,2,
Q96RI1,NR1H4,FXR,4QE8,4QE8_1,2,0.968889,0.973333,0.9711110000000001,0.0044440000000000035,0,0,2,2,2,
Q96RI1,NR1H4,FXR,4WVD,4WVD_2,2,0.911111,0.915556,0.9133335,0.004445000000000032,0,0,0,2,2,
Q96RI1,NR1H4,FXR,5IAW,5IAW_1,2,0.995556,1.0,0.997778,0.0044440000000000035,1,2,2,2,2,
Q96RI1,NR1H4,FXR,5ICK,5ICK_1,2,1.0,1.0,1.0,0.0,2,2,2,2,2,
Q96RI1,NR1H4,FXR,5Q0J,5Q0J_1,2,1.0,1.0,1.0,0.0,2,2,2,2,2,
Q96RI1,NR1H4,FXR,5Q0L,5Q0L_1,2,0.995556,1.0,0.997778,0.0044440000000000035,1,2,2,2,2,
Q96RI1,NR1H4,FXR,5Q0N,5Q0N_1,2,0.991111,0.995556,0.9933335,0.004445000000000032,0,2,2,2,2,
Q96RI1,NR1H4,FXR,5Q0O,5Q0O_1,2,0.995556,1.0,0.997778,0.0044440000000000035,1,2,2,2,2,
Q96RI1,NR1H4,FXR,5Q0P,5Q0P_1,2,1.0,1.0,1.0,0.0,2,2,2,2,2,
Q96RI1,NR1H4,FXR,5Q0Q,5Q0Q_1,2,0.96,0.968889,0.9644444999999999,0.008889000000000036,0,0,2,2,2,
Q96RI1,NR1H4,FXR,5Q0S,5Q0S_1,2,1.0,1.0,1.0,0.0,2,2,2,2,2,
Q96RI1,NR1H4,FXR,5Q0U,5Q0U_1,2,1.0,1.0,1.0,0.0,2,2,2,2,2,
Q96RI1,NR1H4,FXR,5Q0V,5Q0V_1,2,1.0,1.0,1.0,0.0,2,2,2,2,2,
Q96RI1,NR1H4,FXR,5Q0Y,5Q0Y_1,2,1.0,1.0,1.0,0.0,2,2,2,2,2,
Q96RI1,NR1H4,FXR,5Q0Z,5Q0Z_1,2,1.0,1.0,1.0,0.0,2,2,2,2,2,
Q96RI1,NR1H4,FXR,5Q13,5Q13_1,2,1.0,1.0,1.0,0.0,2,2,2,2,2,
Q96RI1,NR1H4,FXR,5Q14,5Q14_1,2,1.0,1.0,1.0,0.0,2,2,2,2,2,
Q96RI1,NR1H4,FXR,5Q15,5Q15_1,2,1.0,1.0,1.0,0.0,2,2,2,2,2,
Q96RI1,NR1H4,FXR,5Q16,5Q16_1,2,1.0,1.0,1.0,0.0,2,2,2,2,2,
Q96RI1,NR1H4,FXR,5Q18,5Q18_1,2,1.0,1.0,1.0,0.0,2,2,2,2,2,
Q96RI1,NR1H4,FXR,5Q19,5Q19_1,2,1.0,1.0,1.0,0.0,2,2,2,2,2,
Q96RI1,NR1H4,FXR,5Q1A,5Q1A_1,2,0.995556,1.0,0.997778,0.0044440000000000035,1,2,2,2,2,
Q96RI1,NR1H4,FXR,5Q1B,5Q1B_1,2,1.0,1.0,1.0,0.0,2,2,2,2,2,
Q96RI1,NR1H4,FXR,5Q1C,5Q1C_1,2,0.995556,1.0,0.997778,0.0044440000000000035,1,2,2,2,2,
Q96RI1,NR1H4,FXR,5Q1D,5Q1D_1,2,1.0,1.0,1.0,0.0,2,2,2,2,2,
Q96RI1,NR1H4,FXR,5Q1F,5Q1F_1,2,0.995556,1.0,0.997778,0.0044440000000000035,1,2,2,2,2,
Q96RI1,NR1H4,FXR,5Q1H,5Q1H_1,4,0.991111,1.0,0.995556,0.008889000000000036,1,4,4,4,4,
Q96RI1,NR1H4,FXR,5WZX,5WZX_1,2,0.915556,0.924444,0.92,0.008888000000000007,0,0,0,2,2,
Q96RI1,NR1H4,FXR,5Y49,5Y49_1,2,0.982222,0.995556,0.988889,0.013333999999999957,0,1,2,2,2,
Q96RI1,NR1H4,FXR,5YXJ,5YXJ_1,2,0.96,0.982222,0.9711110000000001,0.022222000000000075,0,0,2,2,2,
Q96RI1,NR1H4,FXR,5YXL,5YXL_1,2,0.924444,0.968889,0.9466665000000001,0.04444499999999996,0,0,1,2,2,
Q96RI1,NR1H4,FXR,5Z12,5Z12_1,2,0.977778,0.977778,0.977778,0.0,0,0,2,2,2,
Q96RI1,NR1H4,FXR,6A5W,6A5W_1,2,0.995556,0.995556,0.995556,0.0,0,2,2,2,2,
Q96RI1,NR1H4,FXR,6A5Z,6A5Z_1,2,0.96,0.977778,0.968889,0.01777800000000007,0,0,2,2,2,
Q96RI1,NR1H4,FXR,6ITM,6ITM_1,2,0.982222,0.995556,0.988889,0.013333999999999957,0,1,2,2,2,
Q96RI1,NR1H4,FXR,7TRB,7TRB_1,2,0.96,0.977778,0.968889,0.01777800000000007,0,0,2,2,2,
Q96RI1,NR1H4,FXR,8HD3,8HD3_1,2,0.995556,0.995556,0.995556,0.0,0,2,2,2,2,
Q96RI1,NR1H4,FXR,9H65,9H65_1,2,0.973333,1.0,0.9866665,0.026666999999999996,1,1,2,2,2,
Q96RI1,NR1H4,FXR,9H66,9H66_1,4,0.995556,1.0,0.997778,0.0044440000000000035,2,4,4,4,4,
Q96RI1,NR1H4,FXR,9VBR,9VBR_1,2,0.991111,0.995556,0.9933335,0.004445000000000032,0,2,2,2,2,
Q96RI1,NR1H4,FXR,9WF5,9WF5_1,2,0.928889,0.933333,0.931111,0.0044440000000000035,0,0,0,2,2,
Q9Y466,NR2E1,TLX,4XAJ,4XAJ_1,4,0.855895,0.855895,0.855895,0.0,0,0,0,0,4,
Q9Y5X4,NR2E3,PNR,4LOG,4LOG_1,2,0.756198,0.77686,0.766529,0.020661999999999958,0,0,0,0,0,
