case_type,uniprot_id,nr_code,common_name,pdb_id,polymer_entity_id,instance_id,model_num,entity_label_seq_id,canonical_uniprot_position,within_standardized_lbd,valid_label_seq_id,has_positive_occupancy_alternative,status,reason
E_ZERO_OCCUPANCY_ONLY_NOT_LISTED_UNOBSERVED,Q92731,NR3A2,ERβ,1QKM,1QKM_1,1QKM.A,1,38,292,True,True,False,EXPLAINED,"genuine residual case: not listed in deposited unobserved-residue metadata, but atom-site evidence shows zero-occupancy-only Cα — atom-site evidence is treated as primary and authoritative."
D_NO_CA_RECORD_NOT_LISTED_UNOBSERVED,P03372,NR3A1,ERα,1UOM,1UOM_1,1UOM.A,1,248,547,True,True,False,EXPLAINED,"genuine residual case: not listed in deposited unobserved-residue metadata, but atom-site evidence shows no Cα record — atom-site evidence is treated as primary and authoritative."
E_ZERO_OCCUPANCY_ONLY_NOT_LISTED_UNOBSERVED,P37231,NR1C3,PPARγ,2I4J,2I4J_1,2I4J.B,1,70,288,True,True,False,EXPLAINED,"genuine residual case: not listed in deposited unobserved-residue metadata, but atom-site evidence shows zero-occupancy-only Cα — atom-site evidence is treated as primary and authoritative."
E_ZERO_OCCUPANCY_ONLY_NOT_LISTED_UNOBSERVED,P37231,NR1C3,PPARγ,2I4J,2I4J_1,2I4J.B,1,77,295,True,True,False,EXPLAINED,"genuine residual case: not listed in deposited unobserved-residue metadata, but atom-site evidence shows zero-occupancy-only Cα — atom-site evidence is treated as primary and authoritative."
E_ZERO_OCCUPANCY_ONLY_NOT_LISTED_UNOBSERVED,P37231,NR1C3,PPARγ,2I4J,2I4J_1,2I4J.A,1,77,295,True,True,False,EXPLAINED,"genuine residual case: not listed in deposited unobserved-residue metadata, but atom-site evidence shows zero-occupancy-only Cα — atom-site evidence is treated as primary and authoritative."
E_ZERO_OCCUPANCY_ONLY_NOT_LISTED_UNOBSERVED,P37231,NR1C3,PPARγ,2I4P,2I4P_1,2I4P.B,1,70,288,True,True,False,EXPLAINED,"genuine residual case: not listed in deposited unobserved-residue metadata, but atom-site evidence shows zero-occupancy-only Cα — atom-site evidence is treated as primary and authoritative."
E_ZERO_OCCUPANCY_ONLY_NOT_LISTED_UNOBSERVED,P37231,NR1C3,PPARγ,2I4P,2I4P_1,2I4P.B,1,77,295,True,True,False,EXPLAINED,"genuine residual case: not listed in deposited unobserved-residue metadata, but atom-site evidence shows zero-occupancy-only Cα — atom-site evidence is treated as primary and authoritative."
E_ZERO_OCCUPANCY_ONLY_NOT_LISTED_UNOBSERVED,P37231,NR1C3,PPARγ,2I4P,2I4P_1,2I4P.A,1,77,295,True,True,False,EXPLAINED,"genuine residual case: not listed in deposited unobserved-residue metadata, but atom-site evidence shows zero-occupancy-only Cα — atom-site evidence is treated as primary and authoritative."
E_ZERO_OCCUPANCY_ONLY_NOT_LISTED_UNOBSERVED,P37231,NR1C3,PPARγ,2I4Z,2I4Z_1,2I4Z.B,1,70,288,True,True,False,EXPLAINED,"genuine residual case: not listed in deposited unobserved-residue metadata, but atom-site evidence shows zero-occupancy-only Cα — atom-site evidence is treated as primary and authoritative."
E_ZERO_OCCUPANCY_ONLY_NOT_LISTED_UNOBSERVED,P37231,NR1C3,PPARγ,2I4Z,2I4Z_1,2I4Z.B,1,77,295,True,True,False,EXPLAINED,"genuine residual case: not listed in deposited unobserved-residue metadata, but atom-site evidence shows zero-occupancy-only Cα — atom-site evidence is treated as primary and authoritative."
E_ZERO_OCCUPANCY_ONLY_NOT_LISTED_UNOBSERVED,P37231,NR1C3,PPARγ,2I4Z,2I4Z_1,2I4Z.A,1,77,295,True,True,False,EXPLAINED,"genuine residual case: not listed in deposited unobserved-residue metadata, but atom-site evidence shows zero-occupancy-only Cα — atom-site evidence is treated as primary and authoritative."
D_NO_CA_RECORD_NOT_LISTED_UNOBSERVED,Q03181,NR1C2,PPARδ,2J14,2J14_1,2J14.B,1,283,439,True,True,False,EXPLAINED,"genuine residual case: not listed in deposited unobserved-residue metadata, but atom-site evidence shows no Cα record — atom-site evidence is treated as primary and authoritative."
D_NO_CA_RECORD_NOT_LISTED_UNOBSERVED,P10828,NR1A2,TRβ,2J4A,2J4A_1,2J4A.A,1,253,461,True,True,False,EXPLAINED,"genuine residual case: not listed in deposited unobserved-residue metadata, but atom-site evidence shows no Cα record — atom-site evidence is treated as primary and authoritative."
D_NO_CA_RECORD_NOT_LISTED_UNOBSERVED,Q14995,NR1D2,Rev-erbβ,2V7C,2V7C_1,2V7C.B,1,187,572,True,True,False,EXPLAINED,"genuine residual case: not listed in deposited unobserved-residue metadata, but atom-site evidence shows no Cα record — atom-site evidence is treated as primary and authoritative."
D_NO_CA_RECORD_NOT_LISTED_UNOBSERVED,Q14995,NR1D2,Rev-erbβ,2V7C,2V7C_1,2V7C.A,1,192,577,True,True,False,EXPLAINED,"genuine residual case: not listed in deposited unobserved-residue metadata, but atom-site evidence shows no Cα record — atom-site evidence is treated as primary and authoritative."
D_NO_CA_RECORD_NOT_LISTED_UNOBSERVED,P10828,NR1A2,TRβ,3GWS,3GWS_1,3GWS.A,1,212,413,True,True,False,EXPLAINED,"genuine residual case: not listed in deposited unobserved-residue metadata, but atom-site evidence shows no Cα record — atom-site evidence is treated as primary and authoritative."
E_ZERO_OCCUPANCY_ONLY_NOT_LISTED_UNOBSERVED,P03372,NR3A1,ERα,5UFX,5UFX_1,5UFX.A,1,225,530,True,True,False,EXPLAINED,"genuine residual case: not listed in deposited unobserved-residue metadata, but atom-site evidence shows zero-occupancy-only Cα — atom-site evidence is treated as primary and authoritative."
D_NO_CA_RECORD_NOT_LISTED_UNOBSERVED,P49116,NR2C2,TR4,7XVA,7XVA_1,7XVA.A,1,114,454,True,True,False,EXPLAINED,"genuine residual case: not listed in deposited unobserved-residue metadata, but atom-site evidence shows no Cα record — atom-site evidence is treated as primary and authoritative."
D_NO_CA_RECORD_NOT_LISTED_UNOBSERVED,Q92731,NR3A2,ERβ,7XVY,7XVY_1,7XVY.A,1,29,284,True,True,False,EXPLAINED,"genuine residual case: not listed in deposited unobserved-residue metadata, but atom-site evidence shows no Cα record — atom-site evidence is treated as primary and authoritative."
D_NO_CA_RECORD_NOT_LISTED_UNOBSERVED,Q92731,NR3A2,ERβ,7XVZ,7XVZ_1,7XVZ.B,1,243,498,True,True,False,EXPLAINED,"genuine residual case: not listed in deposited unobserved-residue metadata, but atom-site evidence shows no Cα record — atom-site evidence is treated as primary and authoritative."
D_NO_CA_RECORD_NOT_LISTED_UNOBSERVED,Q92731,NR3A2,ERβ,7XVZ,7XVZ_1,7XVZ.A,1,29,284,True,True,False,EXPLAINED,"genuine residual case: not listed in deposited unobserved-residue metadata, but atom-site evidence shows no Cα record — atom-site evidence is treated as primary and authoritative."
D_NO_CA_RECORD_NOT_LISTED_UNOBSERVED,Q92731,NR3A2,ERβ,7XWP,7XWP_1,7XWP.B,1,154,409,True,True,False,EXPLAINED,"genuine residual case: not listed in deposited unobserved-residue metadata, but atom-site evidence shows no Cα record — atom-site evidence is treated as primary and authoritative."
D_NO_CA_RECORD_NOT_LISTED_UNOBSERVED,Q92731,NR3A2,ERβ,7XWQ,7XWQ_1,7XWQ.B,1,154,409,True,True,False,EXPLAINED,"genuine residual case: not listed in deposited unobserved-residue metadata, but atom-site evidence shows no Cα record — atom-site evidence is treated as primary and authoritative."
D_NO_CA_RECORD_NOT_LISTED_UNOBSERVED,P37231,NR1C3,PPARγ,9GWN,9GWN_1,9GWN.B,1,72,302,True,True,False,EXPLAINED,"genuine residual case: not listed in deposited unobserved-residue metadata, but atom-site evidence shows no Cα record — atom-site evidence is treated as primary and authoritative."
