requested_accession,resolved_primary_accession,request_url,http_status,retrieved_at_utc,raw_file,sha256,success,error_message
P10275,P10275,https://rest.uniprot.org/uniprotkb/P10275.json,200,2026-09-23T14:43:42.511832+00:00,data/raw/api/uniprot/P10275.json,b143ed1efcd53c7b90207322a08076296a275a73bacada3122dc3282e7b1d4c0,True,
P03372,P03372,https://rest.uniprot.org/uniprotkb/P03372.json,200,2026-09-23T14:43:43.328357+00:00,data/raw/api/uniprot/P03372.json,68f4197784a6f91cf181810b955ea8d47b2ccb611f5259341dcdc114ee98d1a9,True,
Q92731,Q92731,https://rest.uniprot.org/uniprotkb/Q92731.json,200,2026-09-23T14:43:44.247306+00:00,data/raw/api/uniprot/Q92731.json,52018f4fbd2893e0b7514974d318ac82d453c7235be20bd2865c323d0f34eebf,True,
P04150,P04150,https://rest.uniprot.org/uniprotkb/P04150.json,200,2026-09-23T14:43:45.308787+00:00,data/raw/api/uniprot/P04150.json,9a9e542fc66f2527803f6358b79a4a485cb53c4302433f9682d109ff09df89b9,True,
P08235,P08235,https://rest.uniprot.org/uniprotkb/P08235.json,200,2026-09-23T14:43:46.269667+00:00,data/raw/api/uniprot/P08235.json,a7930cfe6af421458bf8c997fe8fe42921dda145117169d5123d23fb6e2fae28,True,
P06401,P06401,https://rest.uniprot.org/uniprotkb/P06401.json,200,2026-09-23T14:43:47.286056+00:00,data/raw/api/uniprot/P06401.json,00db03fed09d38ad35403abe2eb880b0bc81aeb7196ae249fdaf8e68411415f5,True,
P10276,P10276,https://rest.uniprot.org/uniprotkb/P10276.json,200,2026-09-23T14:43:48.408486+00:00,data/raw/api/uniprot/P10276.json,5387b2d1baf5e20298b1a80fbaa65709e9820107fb27f37ca1fd376be5852f02,True,
P10826,P10826,https://rest.uniprot.org/uniprotkb/P10826.json,200,2026-09-23T14:43:49.374963+00:00,data/raw/api/uniprot/P10826.json,1db1aa6ce71c2adc215de34b6ab1c67cb61ef458c9653ec4dafe9722e3c9ab80,True,
P13631,P13631,https://rest.uniprot.org/uniprotkb/P13631.json,200,2026-09-23T14:43:50.287510+00:00,data/raw/api/uniprot/P13631.json,f6633d69cf6cfbac449718396513e513558f09892a748aa146a599b9fb5cb580,True,
P10827,P10827,https://rest.uniprot.org/uniprotkb/P10827.json,200,2026-09-23T14:43:51.383640+00:00,data/raw/api/uniprot/P10827.json,acf42d51418e3c06a533e3e5ad04b5b47ee353d82f46c181906c39aa6849c3ff,True,
P10828,P10828,https://rest.uniprot.org/uniprotkb/P10828.json,200,2026-09-23T14:43:52.440794+00:00,data/raw/api/uniprot/P10828.json,2de64a764937cd6c591e713c0a7dda249a4708888011aee6e37c58163df3e1fb,True,
P11473,P11473,https://rest.uniprot.org/uniprotkb/P11473.json,200,2026-09-23T14:43:53.445774+00:00,data/raw/api/uniprot/P11473.json,12e83ea2e30c251ad29644259b6ba956a3922f3f5b6936dd6157fa37d780d133,True,
Q14994,Q14994,https://rest.uniprot.org/uniprotkb/Q14994.json,200,2026-09-23T14:43:54.323833+00:00,data/raw/api/uniprot/Q14994.json,1bada39caa43b17840e730a386fde373b5f13800104557b5ece6c7687ad8b307,True,
P11474,P11474,https://rest.uniprot.org/uniprotkb/P11474.json,200,2026-09-23T14:43:55.386818+00:00,data/raw/api/uniprot/P11474.json,88408777d40f2719042e4de90dded4f8cd5345637414e9ac2b52bf86e50539e1,True,
O95718,O95718,https://rest.uniprot.org/uniprotkb/O95718.json,200,2026-09-23T14:43:56.299237+00:00,data/raw/api/uniprot/O95718.json,9d29511bfd52c7c7b127686bba6ee7205403053299354942726364347b32a469,True,
P62508,P62508,https://rest.uniprot.org/uniprotkb/P62508.json,200,2026-09-23T14:43:57.317233+00:00,data/raw/api/uniprot/P62508.json,8af83dfd35cd75b0c991e98b375318c2d9548fe0b346fc83f91e08f4a933b677,True,
Q96RI1,Q96RI1,https://rest.uniprot.org/uniprotkb/Q96RI1.json,200,2026-09-23T14:43:58.344630+00:00,data/raw/api/uniprot/Q96RI1.json,cc648da7f2a6274e4a640a7e1b9509cf37f2ed14b347f432131e498706ef5fc5,True,
P41235,P41235,https://rest.uniprot.org/uniprotkb/P41235.json,200,2026-09-23T14:43:59.336257+00:00,data/raw/api/uniprot/P41235.json,145d3536f94d15aeceb6328c4ea5fb0f427da3254fe4f625958ac022736d5305,True,
Q14541,Q14541,https://rest.uniprot.org/uniprotkb/Q14541.json,200,2026-09-23T14:44:00.304775+00:00,data/raw/api/uniprot/Q14541.json,fa56398d42b3481c4c6ee444711ed9e9055042849e3ec8baaf4923387a14f66e,True,
O00482,O00482,https://rest.uniprot.org/uniprotkb/O00482.json,200,2026-09-23T14:44:01.445683+00:00,data/raw/api/uniprot/O00482.json,656f0bd73170fd99d74a871b0f6b2efea7bca656770f56e88bbb29978e0a8c36,True,
Q13133,Q13133,https://rest.uniprot.org/uniprotkb/Q13133.json,200,2026-09-23T14:44:02.330444+00:00,data/raw/api/uniprot/Q13133.json,d17a0b7067675e7d03f9e005e3f24a2ba976c592a1b35289a00060d995f3236b,True,
P55055,P55055,https://rest.uniprot.org/uniprotkb/P55055.json,200,2026-09-23T14:44:03.340650+00:00,data/raw/api/uniprot/P55055.json,c3371082166077ef901eeb00a90e26fd8c93cebc3fb9133d250a18ae732d89b3,True,
P22736,P22736,https://rest.uniprot.org/uniprotkb/P22736.json,200,2026-09-23T14:44:04.340780+00:00,data/raw/api/uniprot/P22736.json,6f1040922b15c7c0e2b6a94c768d2284a215b6a3fa238e4f14de4aedf32fb444,True,
P43354,P43354,https://rest.uniprot.org/uniprotkb/P43354.json,200,2026-09-23T14:44:05.434983+00:00,data/raw/api/uniprot/P43354.json,29e044032ab0eaa6a780401b64a68cb1017b969c9682a08e00e540bb1211bd34,True,
Q07869,Q07869,https://rest.uniprot.org/uniprotkb/Q07869.json,200,2026-09-23T14:44:06.379471+00:00,data/raw/api/uniprot/Q07869.json,7d67ad85d5233b84350bb2e2e49ea9e602339eb96f88c76493b49640a271d44e,True,
Q03181,Q03181,https://rest.uniprot.org/uniprotkb/Q03181.json,200,2026-09-23T14:44:07.353429+00:00,data/raw/api/uniprot/Q03181.json,cbbaa75721ab1cf7d6659989cf0e7ead6bcf7dd383e8207e75f6dd74f1a54be7,True,
P37231,P37231,https://rest.uniprot.org/uniprotkb/P37231.json,200,2026-09-23T14:44:08.421587+00:00,data/raw/api/uniprot/P37231.json,659c7b652cf61d1b0d4450b6974e8fce84d491f0372a7a2d0001fed7db795cf2,True,
O75469,O75469,https://rest.uniprot.org/uniprotkb/O75469.json,200,2026-09-23T14:44:09.497471+00:00,data/raw/api/uniprot/O75469.json,cafd58940bd7b9ccf6a19818c9687fb4fd310632c264247f0a4cee1ed273b22c,True,
P20393,P20393,https://rest.uniprot.org/uniprotkb/P20393.json,200,2026-09-23T14:44:10.374090+00:00,data/raw/api/uniprot/P20393.json,c07f1175e8856b9ac3768e6e5bdbdb3731ad17941cb2757eb8de25f9094237a4,True,
Q14995,Q14995,https://rest.uniprot.org/uniprotkb/Q14995.json,200,2026-09-23T14:44:11.378696+00:00,data/raw/api/uniprot/Q14995.json,e7ae4d442e91a71a226264c84dd65da09c26752cbd03a6cf248f24bde013a7f1,True,
P35398,P35398,https://rest.uniprot.org/uniprotkb/P35398.json,200,2026-09-23T14:44:12.379656+00:00,data/raw/api/uniprot/P35398.json,445e84e0cca44eadd968100a2fa8f02bbd09449c283d021fe5608503c72e3fa1,True,
Q92753,Q92753,https://rest.uniprot.org/uniprotkb/Q92753.json,200,2026-09-23T14:44:13.555340+00:00,data/raw/api/uniprot/Q92753.json,9940c7b9a4a7a95bae9c84c3bb18706224ceb9023f75ea0d8977b238f3aa25c7,True,
P51449,P51449,https://rest.uniprot.org/uniprotkb/P51449.json,200,2026-09-23T14:44:14.390193+00:00,data/raw/api/uniprot/P51449.json,b87ebf6754a05fda94ee0776c631ca2d8dd67bf10042cd096312586722623972,True,
P19793,P19793,https://rest.uniprot.org/uniprotkb/P19793.json,200,2026-09-23T14:44:15.445349+00:00,data/raw/api/uniprot/P19793.json,9849f71a035964d8383634f47c2eddc85dab60eada733dad2fa7f504a738a46c,True,
P28702,P28702,https://rest.uniprot.org/uniprotkb/P28702.json,200,2026-09-23T14:44:16.384829+00:00,data/raw/api/uniprot/P28702.json,bc0295a9a3c2b28adba5c43fa2a8934f80181f6c354ff357d846c81e4e4762c1,True,
P48443,P48443,https://rest.uniprot.org/uniprotkb/P48443.json,200,2026-09-23T14:44:17.327586+00:00,data/raw/api/uniprot/P48443.json,b3371ec0ceaaf0dd86c43dd5c56e9101d9c171a7466a7f65a0213efb77104f01,True,
Q13285,Q13285,https://rest.uniprot.org/uniprotkb/Q13285.json,200,2026-09-23T14:44:18.433523+00:00,data/raw/api/uniprot/Q13285.json,a60d7cc4e2001ddb04157fb9751223208fb4332cd76e24db1ef898d868c2e88c,True,
P13056,P13056,https://rest.uniprot.org/uniprotkb/P13056.json,200,2026-09-23T14:44:19.448681+00:00,data/raw/api/uniprot/P13056.json,3ee39119cb5c6419808e4f9fa2fca48e2f9ed89820b69d63b8741235a444a392,True,
P49116,P49116,https://rest.uniprot.org/uniprotkb/P49116.json,200,2026-09-23T14:44:20.399401+00:00,data/raw/api/uniprot/P49116.json,ac1d4b44fb589509c9f0dbf696225d94dea9222ac0bf072b14cc9be139ee84c3,True,
P10589,P10589,https://rest.uniprot.org/uniprotkb/P10589.json,200,2026-09-23T14:44:21.344699+00:00,data/raw/api/uniprot/P10589.json,ad6af3e8dc48b9610dc5498f43cb93eec0d705ba6727a1c61bcc5e78b007ac6a,True,
P24468,P24468,https://rest.uniprot.org/uniprotkb/P24468.json,200,2026-09-23T14:44:22.418838+00:00,data/raw/api/uniprot/P24468.json,ce0cafc9e080fb989f7328e178a95d423fb9503ad89332ca4dde1ec78561ec52,True,
P51843,P51843,https://rest.uniprot.org/uniprotkb/P51843.json,200,2026-09-23T14:44:23.433022+00:00,data/raw/api/uniprot/P51843.json,1bd2829eb00f2e253cb9fc6de591c793c0beb29f2dc2d2aa88e46f832c6892a7,True,
P10588,P10588,https://rest.uniprot.org/uniprotkb/P10588.json,200,2026-09-23T14:44:24.517014+00:00,data/raw/api/uniprot/P10588.json,33cbd1edf1ad191310ae7504d9dc5dc03702c678bbb1b7114befa0b61601b767,True,
Q15406,Q15406,https://rest.uniprot.org/uniprotkb/Q15406.json,200,2026-09-23T14:44:25.515761+00:00,data/raw/api/uniprot/Q15406.json,5f7b65e4aee8859ae899a9dc2385b9d7503990c1f8184c2e75ee52da00441a04,True,
Q92570,Q92570,https://rest.uniprot.org/uniprotkb/Q92570.json,200,2026-09-23T14:44:26.548129+00:00,data/raw/api/uniprot/Q92570.json,12c13ad94c37be99c088d7501e24c296e54afd95ac87c552bdade1b14a883d3d,True,
Q9Y5X4,Q9Y5X4,https://rest.uniprot.org/uniprotkb/Q9Y5X4.json,200,2026-09-23T14:44:27.430672+00:00,data/raw/api/uniprot/Q9Y5X4.json,0f90ae351c860ac860d9c1b65a5224bc80a4a24738f2120e9aa8a9d3f7a937b4,True,
Q15466,Q15466,https://rest.uniprot.org/uniprotkb/Q15466.json,200,2026-09-23T14:44:28.367216+00:00,data/raw/api/uniprot/Q15466.json,029abfdb00c9d0d707344ade0cd318af4b9f19204d9577920206ed05d01a1bf0,True,
Q9Y466,Q9Y466,https://rest.uniprot.org/uniprotkb/Q9Y466.json,200,2026-09-23T14:44:29.372828+00:00,data/raw/api/uniprot/Q9Y466.json,5e8f383ecf4a4cd47d0071c968a0bc70c10de581ac0708049e3ec382f1435584,True,
